text,label,notes
"Thoughts On Micro By Michael Crichton
Micro like other of Crichton’s work I thought I’d get bored to death by and simply wanted to get through to eventually sell and free up space on my bookshelves, is something I actually got quite invested for some time. Whatever scientific jargon/bullshit he makes up and includes in his writing somehow always manages to intrigue me since my first non-Jurassic Park title, Prey.

It’s about a group of grad students who due to accidentally uncovering the dark secrets of the head (Vin Drake) of a company called, Nanigen are forcibly shrunk down to microscopic size and forced into in a whole, new world where carnivorous insects and small animals like birds are dangerous, terrifying apex predators. Their journey trying to deal with the micro wildlife and surviving was honestly way more interesting than the actual plot about tiny, killer robots armed with toxic missiles and the technology used to create them being eventually sold to foreign parties.

A minor character near the beginning of the novel (some engineer who helped make the tensor field shrinking machines or whatever) is brutally killed off by being torn apart by ants and it’s described in graphic detail how one rips off his scalp while the rest carry off his intestines and other internal organs into their nest. Which only now made me realize how dark Crichton’s novels can surprisingly get (reminds me of Nedry’s death in Jurassic Park). Heck, even in Congo the trained attack gorillas are portrayed as unsettlingly intelligent and explicitly stated to cave intruders’ faces in with blunt weapons when they ambush.

Most of the main cast die in increasingly worse and tragic ways. Notably, a female student who’s jumped by a flock of mynah birds and ripped in pieces midair as they fight over her fresh corpse. This isn’t too different from some of the dinosaur kills in The Lost World. How surprisingly fitting, since birds are dinosaurs after all lol.

It’s actually impressive, because in latest cinema like Ant-Man you don’t really get to see the truly scary side of being a micro-sized person. If Micro got a movie adaptation, a PG-13 or R rating would be very appropriate.

Forget the robot/micro-technology lessons. Micro, in my opinion is best enjoyed for its survival-horror segments set in a dimension where you’re nothing more than prey to things you can just step on as a normal-sized human.",reaction,
ust finished the princess bride!,reaction,
udy Blume says she's done writing: '50 years is enough!',news,
The Massachusetts House has passed a bill that would shield schools from attempted book bans https://www.masslive.com/politics/2026/06/mass-moves-to-head-off-library-school-book-bans-3-big-things-to-know-bay-state-briefing.html,news,
A potential reading challenge idea?,discussion,
Buying used books on Amazon,discussion,
Respect for Friend Drops After Reading Book They Recommended https://theonion.com/respect-for-friend-drops-after-reading-book-they-recommended/?utm_source=email&utm_medium=newsletter&utm_source=Global+Tetrahedron+LLC+dba+The+Onion&utm_campaign=2f73fdf46f-EMAIL_CAMPAIGN_2026_02_22_05_58_COPY_01&utm_medium=email&utm_term=0_-1cc8475172-491422079&mc_cid=2f73fdf46f,news,
"About the sexism on Catch-22 — is it not deliberate? I have seen some people mention one of the flaws about Catch-22 is how women are always percieved as objects and not real people.

However, I was under the impression that Heller purposefully wrote about it like that as this is during a wartime where masculinity meant rejecting femininity, looking down on women, and simultaneously using women's emotional intelligence to comfort themselves with.

The hypocricy is quite easy to see. There are terrible things being done to the women, but that is because the men are... well... caricatures of certain men who go to war.

That's why we have Nately who actually tries to be gentlemanly to his girl, despite his unawareness that he is actually being just a lustful pig for her in a way.

And we have the chaplain, who actually adores his wife.

Doc Daneeka who forgets he has a wife till he needs her help for bureaucratic reasons.

Sheisskopf... yeah he forgets women exist cause he wants to be good at parades...

I was under the impression this book is about a bunch of traumatized men in a toxic male dominated field, which... does exactly what sexism hates.",discussion,
"The memoir of a man who survived the horrors of Hiroshima is to be published for the first time this summer after its discovery in a US archive. The 230-page memoir was written almost 80 years ago by Kiyoshi Tanimoto, who witnessed the city’s destruction in 1945. https://www.theguardian.com/books/2026/jun/23/lost-memoir-of-hiroshima-survivor-found-after-decades-in-us-archive?CMP=share_btn_url",news,
The Obama and Trump libraries are going digital. Historians aren’t sure that’s a good idea. https://news.northeastern.edu/2026/06/15/obama-center-trump-library/,news,
Uptick in children and teenagers enjoying reading for first time in 5 years https://www.bbc.co.uk/news/articles/cze93wggw74o,news,
"Review: ​“The Dark Tower I: The Gunslinger” by Stephen King
“The Dark Tower I: The Gunslinger” by Stephen King has been a reading adventure I’ve wanted to conquer for years. I’ve heard nothing but great things about this book series, with many Constant Readers calling it King’s magnum opus. It’s taken me a bit longer than usual to begin The Dark Tower series finally, but I was ready to take this journey head-on back in 2024.

Before I begin my review of the first entry of The Dark Tower series, I decided to read this in a specific order after doing a ton of research. Of course, readers can approach this in several ways, including reading only The Dark Tower books, but if you want the definitive reading experience, here is my recommendation. I finalized this list with the help of several longtime Constant Readers, librarians, and countless others who have survived the journey to The Dark Tower…

The Stand
The Eyes of the Dragon
Insomnia
Hearts in Atlantis
‘Salem’s Lot
The Talisman
Black House
Everything's Eventual (The Little Sisters of Eluria)
The Dark Tower I: The Gunslinger
The Dark Tower II: The Drawing of the Three
The Dark Tower III: The Waste Lands
Charlie the Choo-Choo
The Dark Tower IV: Wizard and Glass
The Dark Tower: The Wind Through the Keyhole
The Dark Tower V: Wolves of the Calla
The Dark Tower VI: Song of Susannah
The Dark Tower VII: The Dark Tower

Also, here are the trigger warnings I found while reading “The Dark Tower I: The Gunslinger,” so everyone is aware…

- Violence against women
- Violence against children
- Rape
- Drugs

If any of these trigger you, please do not read this novel. Moving along, I loved how King explained his thought process in this edition, including how he created The Dark Tower series and what influenced him. This was great to read before the novel, since he digs deep and even breaks down why he revised it, so everything falls into place with the rest of the series and makes sense in the grand scheme of things. Once I finished that intro, I was hit with one of the greatest lines of any horror book I’ve ever read…

“The man in black fled across the desert, and the gunslinger followed.”

After reading seven books and a short story referencing the man in black, I got goosebumps and shivers down my spine. It hit me hard, since I knew I was in for a wild ride. Sure enough, King delivered and then some.

Out of all the great characters in this novel, the gunslinger is my favorite. He's a fantastic character, from his actions to his epic quotes to how he fights his enemies. He seems to have been taken straight out of a horror western movie with dark fantasy elements.

The chase between the gunslinger and the man in black, especially all the tension and suspense throughout the encounters, was so much fun to read. It added such a dimension to both characters with a cat-and-mouse hunt taken to exciting new levels since you just never knew what was real and what wasn’t.

Don’t worry. I will never spoil anything for readers, but there is an epic fight scene that completely blew me away. That was incredible and further proved how legendary the gunslinger is. I can’t wait to continue reading this series, thanks to everything that makes him tick.

I also loved how King weaved the past and present with the gunslinger and his past with Cuthbert. I enjoyed the backstory, which added more context as to why he is the way he is. It was just brilliantly written and has me genuinely excited for what awaits. The ending was wild and left me wanting more. ​At the time, I knew I had a ton of reading ahead of me, but I​ ​saw why Constant Readers hold The Dark Tower series in high regard.

I give “The Dark Tower I: The Gunslinger” by Stephen King a 5/5 for being one hell of an entry to what many consider one of the greatest book series ever written. This was jam-packed with everything I look for in a novel and then some. It is a solid horror novel with epic fights, memorable characters, an incredible protagonist, and an antagonist I despise. I can’t wait to see him get what he finally deserves. I regret not reading The Dark Tower series sooner.

Now, if you’ll excuse me, I finally met The Gunslinger, and it’s time to see what a Drawing of the Three looks like.",reaction,
"The Great Derangement (2009) - Matt Taibbi I thought this was a good read (I'd previously come across Taibbi's more recent stuff and really enjoyed it), but, for me, it really illustrates how much more careful writers are these days when discussing political movements and groups of people. Taibbi's tone/language when talking about issues in these areas borders on reckless in certain spots imo.",reaction,
"Marjane Satrapi, author of 'Persepolis,' dies at 56 https://www.lemonde.fr/en/obituaries/article/2026/06/04/marjane-satrapi-author-of-persepolis-dies-at-56_6754122_15.html",news,
Missouri cut funding for Dolly Parton’s free book program. What it means for kids in KC https://www.kansascity.com/news/politics-government/article315907153.html,news,
Barack and Michelle Obama surprise Chicago students at opening of Presidential Center's Public Library https://www.wbez.org/education/2026/06/19/obama-barack-michelle-presidential-center-library,news,
Granta stops publishing short story award winners over AI controversy | Granta https://www.theguardian.com/books/2026/jun/20/granta-magazine-commonwealth-short-story-prize-ai,news,
"The Death of Ivan Ilyich by Leo Tolstoy

I was done reading this book almost a week ago but it took me all these days to get myself together and write a review.


If i say i enjoyed this book, it must be very very unfair, because the word ""enjoy"" feels very wrong here. I grieved over this book. And i know this is gonna be one of the books that's gonna stay with me for a very long period of time, in a way no other book could. How incredibly the writer described the death and last three days of Ivan...


it's not even the dying that gets you. it's how alone he is in it. surrounded by his wife, his daughter, his colleagues, and still nobody actually sees him. they're all just waiting for it to be over so they can go back to their lives, and he knows it. he can feel it. and somewhere in all that screaming he finally asks the question that ruined me too: what if his whole life was wrong? not bad not evil, just... wrong. lived for the wrong reasons.


i kept thinking about how ""normal"" his life was. good job, good marriage, good house. doing everything right by everyone else's standards. and tolstoy just rips that open and goes like was any of it actually yours?


i don't think i'll fully recover from this one. and i don't think i'm supposed to. :')",reaction,
"Who is the author you swore you’d never read again, but then gave another chance?
I read Never Let Me Go a few years ago and disliked the experience so much that I swore I’d never read Kazuo Ishiguro again. I didn’t walk away thinking the book was horrible, it was just such a slog and so boring to get through, which is the worst offense a book can commit imo. I couldn’t pinpoint anything I liked about it - plot, characters, writing style, it was just the most “I see the merit in this but it is not for me” book I’ve ever read.

I finished reading The Buried Giant earlier today. The only reason I decided to give this book a chance is because I love anything to do with Arthurian legend.

I have mixed feelings. On the one hand, I did like the character work here MUCH more than Never Let Me Go. Axl, Beatrice, and Wistan are well written and interesting, I like the characterization of Sir Gawain, and the dialogue between them is beautifully written. The story has a very solemn tone that I thought was really beautiful.

On the other hand it does have the problem I was scared of. I walked away thinking it was pretty good but the actual experience of reading it was excruciating to get through. It is long, meandering, takes place over the course of only a couple days, in the end it felt like absolutely nothing happened and quite a lot happened at the same time. No spoilers but I also wanted more out of the resolution of the main conflict, I thought it would go out with a bang but it ended up being nothing special. Can’t figure out if that’s fitting or if it really annoys me.

Do I regret giving Ishiguro another chance? No, but I definitely won’t give him a third. His style just isn’t for me.

Curious to know who that author is for you and if you ended up changing your mind about them.",discussion,
"Jon and Kate Gosselin’s Son Collin, 22, Announces Bombshell Memoir, Says He Will Reveal ‘Hardest Moments of My Life’  https://people.com/jon-and-kate-gosselin-son-collin-bombshell-memoir-12000880?utm_campaign=peoplemagazine&utm_medium=social&utm_source=reddit.com&utm_content=post",news,
Little Queer Libraries offer banned books across the Pittsburgh region https://www.post-gazette.com/life/goodness/2026/06/16/little-queer-libraries-banned-books-equality-center/stories/202606080063,news,
"Red Rising by Pierce Brown
...or, Ender Potter and the Departed Hunger Games.

(Beware of mild spoilers)

Let me be clear, I have no problem with a book being inspired by another book, or even of a book being derivative of another. A good storyteller is a good storyteller, no matter which story they're telling, and if I learned anything from watching The West Wing repeatedly, it's that ""good writers borrow from other writers, and great writer steal outright"". There is evidence of both borrowing and outright theft in Red Rising, but - after reading only one of his books - I'm not willing to say that Brown qualifies as a ""great writer"".

The main character of Red Rising, Darrow, is a Helldiver - a miner who operates extremely dangerous machinery in the extremely dangerous environment of Mars' planetary crust. His caste, the Red, are the lowest in the Society, kept - literally - in the dark, and forced to mine the Helium3 needed to terraform the surface of the planet.

After a terrible tragedy befalls him in the early chapters, he discovers that there is more to Martian life than he was aware of, and that he's been chosen to attend The Institute, a school for the children of Martian society's elite; once there he must participate in staged combat against the other kids, with the aim of winning favour from those in positions of power, and therefore a place in the upper echelons of society. Darrow's secret is that, as a Red, he shouldn't be in The Institute, as it's only for those in the Gold caste - the highest caste, and the rulers of human civilisation - and that his ultimate aim is actually to bring their society down.

To cut to the chase, this book didn't do enough to convince me to pick up the remaining five parts of the trilogy (now he's borrowing from Douglas Adams). It's a fast read, and I'd be lying if I said I didn't get a kick out of some of the later stages of Darrow's battles, but it's a book that relies very much on telling, not showing.

I understand that Darrow is angry. He is full of rage, as a result of the events of the first few chapters, and because he is seemingly just naturally an angry person. Perhaps because he was once bitten by a snake. Brown doesn't do much more to expand on Darrow's - or, in fact, any other character's - personality. I know Darrow is angry, because he told me. This is very much a plot and event driven book, where Darrow will tell you how he's feeling, if it's appropriate for you, the reader, to know. It bustles along, and things happen one after the other, but Brown isn't averse to throwing a narrative curve ball out of nowhere. Exeunt Darrow, stage left, pursued by a bear...

Brown also fills the book with jargon, in-universe slang words and random camelCase. He's obviously spent a lot of time working out how his world is actually going to work, but the book itself doesn't do much explaining or establishing. There is a brief history of how the Gold caste became the ruling class, but not why the caste system was put in place to begin with, or even how far in Earth's future we are. The world building of this far future human civilisation, with its very obvious Roman underpinnings, otherwise happens on the fly.

This is perhaps just a symptom of a book that is very much a franchise starter. It's a complete story, in that there's no sudden death cliffhanger to worry about until book two, but it's also obvious that the ending of the book is not the ending. There's time and space for Brown to expand and explain his world to the readers in future instalments...but I won't be one of them. Ultimately, I jut didn't find the world interesting enough to want to explore it more. The book, like most of its characters, just doesn't have enough personality to stand apart from the concepts that its borrowed from, variously, Rowling, Scott Card, and Collins. It's by no measure poorly written or plotted, it's just obviously derivative YA genre fare.",reaction,
"My thoughts on the first book of the Renegades trilogy
Spoilers for the first book.

I really liked it. I wanted to try this book out since I’ve heard that it’s similar to My Hero Academia and I wasn’t disappointed.

I really liked both Nova and Adrian in how they approached the society they lived in. Nova hated the Renegades and yet came to acknowledge that not everything about the Renegades is bad. She still hates them, but it’s a start.

Meanwhile, while Adrian believes in the Renegades, he does acknowledge the flaws of the society they currently live in. I loved hearing his perspectives on the issues the Renegades had.

Both the Anarchists and the Renegades have sympathetic characters and you could understand the viewpoints of both sides.

The books had both great male and female characters with a roughly gender equal cast which is more than what you can say about a lot of Battle Shonen (especially you My Hero Academia).

The plot was mostly engaging and the philosophies they acknowledged was interesting.

That said, I do have some criticisms.

Ingrid felt like a flat character. She wasn’t the only one but the fact that she died before we truly got to know her meant that she stuck out. What’s her backstory?

Some of the Council and Anarchists had flat characters but we have future books to get to know them.

Also, how did Nova escape from Ingrid’s murder attempt at the end? I think we should have gotten more of Nova’s thoughts on this.

Furthermore, Phobia having something to do with Lady Indomitable’s death seems obvious in hindsight due to his entire persona being around fear. I’m surprised the Renegades didn’t pick up on it.

I hate Genissa, but she was right that Nova acted recklessly when it came to Max and the quarantine .

I was confused on the setting. I thought that it was set in a made up world since they mentioned prodigies being oppressed for centuries but then Nova mentioned being part Filipino and Italian.

So it’s set in our world. But where is Galton? America? But then why do we not have any reference to the USA or states within it or any other countries being outright named.

And so prodigies have been oppressed for centuries? So is it an alternate history? Or was it a sort of masquerade but Ace Anarchy did his thing?

I’m surprised there wasn’t a reference to any form of racism especially since Adrian is mentioned to be dark skinned. There was a slight reference to homophobia.

That said, it’s only the first book so these issues may be solved in the next two books.

No spoilers for the next 2 books in the trilogy.",reaction,
"Review: ​“No One Rides For Free” by Judith Sonnet
​“No One Rides For Free” by Judith Sonnet is one of those extremely violent splatterpunk novels I’d like to forget. I occasionally enjoy reading books from this horror genre, but this was a massive letdown from beginning to end.

Before I begin my review, here are all the trigger warnings I found while reading…

- Extremely graphic sexual violence
- Abortion
- Torture
- Rape
- Incest
- Violence against children
- Necrophilia

If any of these trigger you, please do not read this book. Moving along, this book mainly had shock value and no substance. It didn’t seem believable and took me out of the reading experience. I was bored while reading since it dragged on for the most part, which is a huge no-no when writing a novella barely over 70 pages.

The dialogue was so cheesy that it started to irritate me since characters like “The Man” don’t speak or act like this. While I​ understand wanting to make an antagonist vile and hated so a reader is invested, it didn’t work here.

Another thing that wasn’t needed was putting a massive warning at around the 60% mark of the book. Common now, why interrupt the natural flow of reading? The book starts by saying it’s X-rated, so I don’t understand why it wastes almost an entire page explaining that things are about to get crazy, and to read a happy book if you can’t handle the extreme horror coming up.

With splatterpunk, it’s expected that things will get very crazy, obscene, perverted, super sexual, and have intense situations and events. Authors should put that at the novel's beginning, never in the middle. I’ve read hundreds of horror books, and this is the first time I’ve ever seen a warning in the middle of a book.

This book has no real story, no character development, and cheesy dialogue. It is just a shock-value book written for shock value. Nothing more, nothing less. It was such a disappointing book that I regret reading it.

I give “No One Rides For Free” by Judith Sonnet a 1/5 for being a complete waste of time. I was hoping for a crazy, insane ride, but this was a frustrating read. When done right, splatterpunk can be fun if you enjoy the more extreme parts of horror. It’s supposed to be an unhinged kind of horror, but stay far away from this one. This was a dud. A complete and utter dud.",reaction,
A rare first edition of 'Wuthering Heights' complete with spelling mistakes is up for auction https://apnews.com/article/wuthering-heights-rare-first-edition-auction-a33ee00f91bbe471dc0d8c5905bc8ad1,news,
Chuck Palahniuk Announces New Sci-Fi Novel Galleria — See the Cover! (Exclusive) https://people.com/chuck-palahniuk-galleria-cover-reveal-exclusive-11979449,news,
"Fiction vs. Non-Fiction: How do you balance your reading list?
Hey everyone! I'm really curious about how you all manage and split your reading time between fiction and non-fiction.

Personally, I usually prefer to focus on one book at a time and finish it completely before moving on to the next. I find it kind of hard to juggle multiple books simultaneously because I like to fully immerse myself in the world or the topic of that specific book.

However, I do run into a bit of a challenge when I'm tackling heavy non-fiction. When a book gets too dense or information-heavy, my reading pace slows down significantly. In those moments, I like to break things up by slipping in a light, short fiction book before going back to finish the heavy non-fiction.

How about you guys? Do you tandem-read both genres at the same time depending on your mood, or do you strictly alternate like me? I’d love to hear about your reading habits and how you structure your reading time!",discussion,
"The Hitchhiker's by Chevy Stevens
Has anyone read this one? I'm only a few chapters in, but there is a part that is bothering me and wanted to talk about it. The main character uses one of the hitchhiker's real name before its revealed that she knew the fake names. I'm assuming it's part of the plot, but it's bothering me a lot. To the point where I can't get back into the book.",reaction,
"Independent bookstores are multiplying, although many people still think they're dying out https://apnews.com/article/independent-bookstores-expanding-booksellers-association-e1f745e4e431febca8f3e122e6b8f109",news,
"Last year I read The Hobbit and The Lord of the Rings trilogy. Some thoughts:
I remember the movies being a big deal when I was a kid/teenager, but they honestly just passed me by. My Mom, being religious, wasn't keen on fantasy or magic so maybe that also had something to do with it. I did watch Fellowship when I was, like, 14 I suppose and didn't get the hype and stopped there, not to return till much later.


After finding a few used copies of the books at my local store, I was spurred by curiosity and took the plunge. What I found was a mixed bag of appreciation and disappointment. I'm not really a stranger to classic literature and old vocabularies as I've read the likes of Poe, Lovecraft, Dickens and a little Twain, though my favorite era of writing tends to be 60s and 70s. I find that, as I get older, I appreciate books with less dialogue and more narration.


The Hobbit:

Loved, loved, loved The Hobbit. It's plucky and whimsical and the world feels like a comfy old shoe. Sometimes it comes off as a little saccharine, but it wears it like a proud badge and I can appreciate it. The characters are great, even if most of the dwarves feel forgettable. I love the road trip vibe of hitting landmarks and their little stories that go with them. The plundering of Smog's horde was fun, the barrel ride, tricking Gollum, the spider nest: all fun locals that could be their own stories. Then we get to the battle if 3 armies and what can I even say? It was such a snooze for me, I had to speed read it. I found this to be a consistent theme in Tolkien's writing for me.


Fellowship of the Ring:

I would best describe this as ""second verse, same as the first."" You've got your road trip, your colorful characters, a dash of danger and a ray of hope. Tolkien successfully created a world that feels like it exists without its audience or main characters, something that's easier said than done. That being said, I barely remember what happened in this book. Something about the unstoppable cloud of doom just really took me out of it. No longer do we journey for the sake of it, but because we have to and it goes for 2 more books. Obviously I remember the big moments, but all of the small moments that liked from Hobbit, just feel smeared and ruddy. Justice for Tom Bombadil, by the way, that guy was awesome. I always hear people say that they're glad he was cut from the movie, but that seems like such a crime. I can't move on till I mention the ending. It felt like it had 3 or 4 chances to get off the bus and it just didn't making the ending feel tremendously long.


The Two Towers:

This is probably the most mixed up bag food the series for me. Armies marching this way; armies marching that way. Better get horses; now we're marching this way. Sam and Frodo are absent for most of the book. Saruman being a little wet fart and any scene with ents is my personal highlight in the book.

Aragor, Merry and Pippin are such boring characters and I had no interest in following them. Even Gandalf the party animal gets struck with being boring after his resurrection.


Return of the King:

This was a rough read for me. Almost all of the little things I hadn't liked in previous books feel like they're crammed into this book. The boring battles, the boring characters giving speeches, armies just kind of moving around. Even the orcs, who weren't smart, but we're at least capable, become cartoon henchmen. I think the only part I liked was Sam and Frodo crawling through Mordor. It was a real return to roots for awhile. As for the ending, it also couldn't figure out when to end. The wedding was boring, the constant glazing of elves was boring and Merry and Pippin strutting around like soldiers was ridiculous.


So where does that leave us? I think Tolkien did a phenomenal job of breaking new ground and inspire the modern wave of fantasy. He did some good, some bad and some odd things. I'm not here to trash the series if you love it and I envy you, but it just wasn't for me. It certainly hasn't persuaded me to watch the movies. If I ever go back, I'll probably just stick to The Hobbit and call it good.


You may have noticed I never mentioned Sauron. That's because he's not in the books. He's talked about an awful lot and I get that they would have lost without the destruction of the Ring, but he may as well he a tsunami with his level of involvement.


If you read this far, thank you. I'd love to hear any and all opinions.",reaction,
"Is reading your main hobby and can you do it any time? Im a gamer who got into reading
Ive been a gamer since I was 8 years old and im now 43. I started to get fed up with gaming around 5-6 years ago and decided to try reading as I've never been able to in the past.


I got into stephen king books and I've emjoyed reading. I still can't read for long periods of time though and sometimes I feel like I'm forcing myself through the book just to finish it.


I've enjoyed some amazing books though.


I can pick up my handhelds and just have a quick go on a game for half hour to an hour if im bored of just have a spare half hour. I never seem to be able to do that with a book.


So my question is do you guys read like i used to play video games where you can just pick up your book any time even if its for only like 10 pages but it can lead to hundreds of pages?",discussion,
"Boys' reading remains in crisis as gender gap widens, report shows https://www.itv.com/news/2026-06-10/boys-reading-remains-in-crisis-as-gender-gap-widens-report-shows",news,
"Parable of the Sower by Octavia E. Butler and the desenstization to violence
So I am currently listening to Parable of the Sower by Octavia Butler and I am about half way through the book. Almost everyone who has recommneded this book or talked about this book to me has suggested/implied that it is a heavy read but I am not having that experience.
Why do I not feel shocked or distressed while listening to the book? Maybe I'm speaking too soon, I’m only about halfway through...but so far it doesn't feel nearly as emotionally devastating as I expected.

I'm trying to figure out why I feel somewhat detached from the narrative despite really liking the book. Maybe I've become desensitized to the state of the world and violence that happens daily, and some of the book's dystopian social collapse feels less shocking

Or perhaps it is because I'm listening to the audiobook, which creates a certain degree of separation from the text?

Or another theory I have is that the narrator Lynne Thigpen has such a soothing, steady voice (I'm loving her narration btw) that the story's horrors feel less emotionally overwhelming.

Or I wonder is it because I was born in a ""third world"" country and some of what is described as dystopia, I have seen with my own eyes (been happening and still happening) to millions of people around the world. Walled estates, shortage of food and water, non existent law enforcement, people living and dying on the streets.. heck colonialism and it's tortures were around less than 70 years ago in many countries of the world.
So I wonder as I listen. What will shock me ?

Has anyone else had this experience with the book?

P.S- Finished the book and still the same sentiment. Maybe a 3/5",reaction,
Kazuo Ishiguro announces 1930s spy caper to be published next year https://www.theguardian.com/books/2026/jun/16/kazuo-ishiguro-new-1930s-spy-caper-novel?CMP=Share_iOSApp_Other,news,
Are hardback books things of 'great beauty' or a dying art? https://www.bbc.com/news/articles/c9weyrwn08lo?fbclid=IwdGRzaASJJEVjbGNrBIkkLmV4dG4DYWVtAjExAHNydGMGYXBwX2lkDDM1MDY4NTUzMTcyOAABHsd2D1Nt9NmYdadXitUx9nwBqL7e6lPVNi2wLZjly-R6FNR4Ze4FN4xANLjl_aem_q8VZ3GL0mJo3SE1kIE-DRw&sfnsn=mo,news,
A Pen to Change the World – the Biography of J. K. Rowling by Solomon Schmidt. https://www.hogwartsprofessor.com/a-pen-to-change-the-world-the-biography-of-j-k-rowling-by-solomon-schmidt/,news,
"Phantom Tollbooth was my intro to Hitchhiker’s Guide-style humor and one of my favorite children’s books
I was in elementary school when I last read The Phantom Tollbooth, so I might be misremembering a few things, but that book was my introduction to the sort of—I dunno how to really label it, but that sort of humor that The Hitchhiker’s Guide to the Galaxy is built on.

I feel like the sort of direct but misplaced logic, literal nature of things, and the personification or anthropomorphism of concepts we take for granted is a great introduction to absurdist humor (that was the word I was looking for!) to kids. Places like Dictionopolis and Digitopolis showing another side of words and numbers, for example.

When it comes to books, I feel like the “yeah, that makes sense, I guess” brand of absurdism is the most fun and the most thought-provoking. The Phantom Tollbooth having a co-protagonist like Tock whose clock only tocks and doesn’t tick, or the subtraction stew that only makes you hungrier make me think of the Babel Fish proving the non-existence of God or SEP (Somebody Else’s Problem) fields being the reason you think you see something out of the corner of your eye. Or the origin of Judo in Lamb: The Gospel of Biff, Christ’s Childhood Pal, where we learn that Jesus invented it as a means of peaceful self-defense, and that its name means “Way of the Jew”.

These are just my random book thoughts today. I was just thinking about it and remembering how much the Hitchhikers Guide made me think of The Phantom Tollbooth when I read it. Figured I’d share.",reaction,
"11/22/63 is the first Stephen King book I've read in years, and it reminded me of why he's such an incredible storyteller
Stephen King is probably one of my most-read authors - honestly, probably the most. His books were my gateway into serious, ""adult"" fiction in my late teens and I always think back on my experience discovering them very fondly. It's been quite a few years since I've read a King novel though. Not because I don't like him anymore or anything - but really because I'd read so much King that I was a little tapped out on his style and had also started exploring classics/literary fiction for a while.

11/2/63 was pretty much the last ""major"" work of King I had left in terms of books that are generally considered among his best. Happened to come upon it at a thrift store recently and decided now is as good a time as any.

I pretty much blew through the book in less than a week, and the entire time, all I could think of was that damn, my guy still got it. This is basically an old master flexing his muscles and telling people alright, you want a 900-page time-travel narrative that's equal parts espionage thriller, a sweet love story and a slice-of-life nostalgic glance into 50s Americana? And you want me to make it utterly compelling pretty much the entire way through? Bet.

I was in fact pretty surprised by how un-King this book felt. Obviously he's much more than just a horror writer and has knocked it out of the park in multiple genres, but his best works - It, The Shining, The Stand, Pet Sematary, Misery etc. - for me has always been straight-up horror or horror-adjacent.

The core of 11/22/63 is, in fact, a love story. A large part of the book is focused on Jake and Sadie's relationship and although it's nominally about Jake stopping Lee Harvey Oswald from killing JFK, the romance takes centre stage for large parts of the book. It's done extremely well too, and the associated themes of second chances and doing things right next time looms large over the book, as you would expect from a time travel story. It genuinely felt like this part of the book is the story King really wanted to tell. Jake's become one of my favourite King protagonists after this.

What I also loved is the first arc of the book where Jake's just exploring 50s USA after stepping through the rabbit hole for the first time and culminating in saving the Dunning family. This section honestly could have been its own book and still be a really damn good story. King's ability to conjure small-town America across eras has always been one of his greatest skills and it's no different here. He just makes these places and the people who reside in them so real and lived-in. I spent so much time reading settings like these throughout King's catalog - it was almost like hanging out with an old friend. I honestly could have just read an entire book of Jake exploring USA in the 50s. It was also really cool to see a little cameo by Beverley and Ritchie from It.

Also, 11/22/63 is blessedly free from one of King's biggest weaknesses, in that it actually has a pretty good ending. It was emotional and bittersweet, and wrapped up the story in a pretty satisfying way. I would've loved to see a little bit more of the apocalyptic world that Jake's prevention of JFK's assassination led to , but I get that it wasn't really the point of the story.

My nitpicks about the book are pretty minor. For such a large book, it's paced very well and even the more leisurely sections are enjoyable to read. I will say though that some of the middle sections in Jodie dragged a little bit. I didn't find the numerous school/community events and dances all that compelling, and some sections with Jake being a life-changing teacher for the schoolchildren veered dangerously close to being cheesy.

The actual hunt for Oswald and stopping him from killing JFK - I wouldn't say it feels like an afterthought per se, but compared to the dive into 50s/60s America and the Jake/Sadie relationship, it wasn't as interesting.

Ultimately these aren't really big enough issues to stop me from loving the book as a whole. I'm glad I made the decision to return to being a Constant Reader.",reaction,
"I have finally finished East of Eden
As part of my training to become an English teacher in Italy we are mostly trained to read English classics. A couple of years ago I decided to broaden my repertoire and include other anglophone novels.

I have started reading Steinbeck's ""East of Eden"" many months ago and I couldn't explain to myself why it was taking me so long. I am usually a very avid and fast reader, but for some reason I couldn't read this one as quickly as usual.

Today I finished it and it finally dawned on me that the length and slowness are part of the experience. You are supposed to suffer and go through the generational pain and kind of forget about it just to suffer again. It breaks you into pieces and slowly lets you build yourself up again. You have the choice to do it, as the characters themselves. I think I wouldn't have appreciated it if I had read it quickly.

I honestly think this is one of the best novels I have ever read, it is certainly in my top 10, 5 even.

What is your own experience with the novel? How would you rate it?

Timshel. And thank you.",reaction,
"U.S. Audiobook Sales Grew 9% in 2025, to $2.43 Billion https://www.publishersweekly.com/pw/by-topic/industry-news/audio-books/article/100588-u-s-audiobook-sales-up-9-in-2025-reaches-2-43-billion.html",news,
‘I laughed out loud dozens of times’: authors choose books to make you fall back in love with reading https://www.theguardian.com/books/2026/may/23/i-laughed-out-loud-dozens-of-times-authors-choose-books-to-make-you-fall-back-in-love-with-reading,news,
Article: Maggie O'Farrell flattens 19th century Ireland into a theme-pub cliché in her new novel https://theconversation.com/maggie-ofarrell-flattens-19th-century-ireland-into-a-theme-pub-cliche-in-her-new-novel-277602,news,
Want to ‘Read Like Wemby’? Bring an appetite for fantasy to this San Antonio library https://www.nytimes.com/athletic/7301363/2026/05/25/read-like-wemby-spurs-books-san-antonio-library/?unlocked_article_code=1.lFA.I0y9.JKTm_gdw8TkZ&source=athletic_user_shared_gift_article_copylink&smid=url-share-ta,news,
"The Lies They Told - Ellen Marie Wiseman - Dark History historical Fiction
As the title states, Just finished The Lies They Told by Ellen Marie Wiseman.

I have always been interested in dark history but I am today years old when I learned the part America had to play in eugenics and ultimately the mass genocides globally in the early 19th century. The book was amazingly written and put me in a space in time I had no idea existed.

Who else read this book? What do you think?

Personally I am shook and need to talk about it!",reaction,
"The ending of 'The Land in Winter' by Andrew Miller
Don't read this post if you haven't read the book. It's good. I recommend it and I wouldn't want to ruin it for anyone.

----------------------------------

What was that? I'm in shock. That ending hit me really hard. I wish Andrew Miller didn't write that bathroom scene with Irene and the baby so well. That felt too real. What?

I'm a 34-year-old single man with no children and I will no longer remain unaffected when someone mentions miscarriages. That's what it was, right? A miscarriage? Rita said she didn't take anything.

Also, why the hallucination with the flying saucer in the end? Did she die or was she just knocked out? I'm a bit confused. What do you think happened, exactly?

Edit: Just remembered that Rita had schizophrenia, which would explain the hallucination.",reaction,
"Review: “The Eyes Are the Best Part” by Monika Kim
“The Eyes Are the Best Part” by Monika Kim started pretty interesting. The cover alone intrigued me as I am an avid horror reader. This is her first novel, and I was excited to see what would await. Unfortunately, this left much to be desired for what I look for in a typical horror novel.

Before I jump into my review, here are all the trigger warnings I found while reading…

- Cannibalism
- Stalking
- Sexism
- Racism
- PTSD (war)
- Infidelity
- Food insecurity

If any of these trigger you, please do not read this novel. Moving along, this novel felt like a slow burn at first. I hoped it would deliver once things got scarier and to the horror parts, but it just took way too long to get there. It never came as quickly as I wanted, and ultimately, I wanted way more horror.

It’s an okay story, and I appreciated the whole family dynamic about what happens when your parents have marital issues, but this was too heavy on the story and not enough on the horror. The scary parts were very well written, which is a shame since I wish more of that had happened to redeem this novel. I credit Kim for a refreshing new take on ""eye horror"" because I have never read such disgusting, creepy, and insane takes on eyeballs. These parts were fantastic, but got lost in endless dialogue, dreams, texting, and other things that messed up the overall pacing.

I also didn’t connect with a single character. I felt that the character development needed improvement in the grand scheme of things. Several times, things got boring while waiting for something to happen. The dream sequences also got confusing and felt out of place. This would have been significantly better if this were a more straightforward story that got right to it, grabbed you, and never let you go. Instead, it’s a few decent horror parts here and there, too much dialogue, and too much family stuff.

The novel didn’t get good until the last 30%, which frustrated me because I hoped for a huge payoff or an insane plot twist at the end. Nope, just more of the same, straight to the ending, which was lackluster and predictable. I saw it coming a mile away, and it just left me feeling like this needed more time to be refined and polished to deliver a better horror story, with eye horror as the main focus, bringing it all together for a memorable read.

I give “The Eyes Are the Best Part” by Monika Kim a 2/5 for having a creative spin on taking eye horror to a whole new level I’ve never read before. This novel needed to be much scarier, have better character development so readers could be invested in the main characters and the protagonist, and include more backstory as parts of the story unraveled. The pacing is bad, and many parts feel out of place. It gets good, then it fizzles out. A scary part finally happens, and we go back to endless dialogue, texting, or repeating things the reader already knows happened. This was mostly a dud, since the horror needed to be amped up big time.",reaction,
Writer and translator Julienne Eden Bušić dies at 77 https://glashrvatske.hrt.hr/en/domestic/writer-and-translator-julienne-eden-busic-dies-at-77-12729345,news,
"Reading exclusively on phone
I've been a long time kindle user for digital books. At least 13 years or so now I think. But the last year or so I've been so busy, so it's been hard to read.

For the little bit I've actually read, I only read on my phone. Turned out to be the only way I could read. I tried a couple times bringing my kindle with me around, but I actually ended up not using it. I used to hate reading on the phone. Now reading on the kindle makes me feel annoyed somehow, even in bed, my preferred place to read.

I don't know if there's been a shift in our brains as a result of using smartphones so long, but has anyone else noticed switching exclusively to phone reading? Like has it somehow become an extension of ourselves or something crazy like that?


",discussion,
"How do you choose between reading a book or listening to the audiobook version of it?
I used to read a lot as a kid but I stopped for a very long time. Recently I finally have gotten into the habit again and I’m having a great time. Right now, I try to be reading two books at the same time, one audiobook and one ebook. I will say that I do prefer audiobooks but I want to actually read them as well.

Recently I have started to wonder if I am potentially missing out on not listening to the audiobook version if the narrator is really good. For example, I’m currently listening to the Dungeon Crawler Carl series and Jeff Hays is phenomenal at it. I am reading Misery by Stephen King on my kindle and I’m worried that I might be missing out on an amazing narration. With Kindle books I can get them instantly for free (I have my ways) but with audiobooks I usually have to wait weeks for them on Libby or buy them on audible. So for me, I don’t want to listen to an audiobook that is subpar if I can just read it on my kindle.

Is there any defining characteristics you look for when finding a good audiobook. I know often people like ones with a full cast, I’ve been meaning to read one of those. Or if it’s worth just reading the kindle version. I would appreciate any help, thank you!",discussion,
"1984 by George Orwell
I picked up 1984 while I’m still (slowly) working through The Sword of Kaigen, and I just finished it last night.

The premise alone pulled me in immediately. dark, oppressive, and honestly kind of suffocating. The entire book just reeks of despair and brokenness in a way that feels intentional and relentless. It’s not just the setting, it’s the tone. everything feels controlled, hollow, and stripped of hope.

There’s so much symbolism and satire woven into the story that I’m not even sure I caught all of it. It’s one of those books where you know there’s more beneath the surface than what you’re picking up on. Although… I’m prettyyy sure Orwell was pointing fingers at America at times (or at least systems that feel uncomfortably familiar).

Reading it was kind of an emotional rollercoaster in a weird way. There were moments I was literally slapping my forehead at how frustrating things got, and other moments where I just felt straight up miserable for Winston. His entire situation just wears you down.

This is definitely not a breezy, fun adventure read. It’s heavy, philosophical, and honestly kind of draining; but in a way that feels important. If you’re looking for something that really dives into themes of control, despotism, and the fragility of truth, this is 100% worth picking up.

Not an easy read, but a meaningful one.",reaction,
"Am I understanding the ending of Anna Karenina correctly?
In Levin's adult life, he believed in secular and materialistic principles, rejecting faith and the church, but this did not bring him happiness, and he envied Kitty's simple, uncomplicated faith. He also found that he disagreed with all of his fellow Intellectuals in debate, found their reason led them to horrible conclusions, and that their intellectualising was futile (see the non-reaction to the publication of Sergei's book).

When his child was born, he found himself praying with conviction, and it brought him - if not a comfort - then a stability he previously lacked.

At the novel's end, he finds himself tending to suicidal thoughts whenever he overthinks his existence and morality and higher purpose. It is only when he stops thinking and just starts living, working, loving, that he finds happiness and contentedness.

He equates this with the ultimate doctrinal values of the Church: of family, charity, labour etc, and convinces himself that the key to his happiness is a surrender to faith, opposed to intellectualising himself into existential dread. Additionally, Kitty and Darya repeatedly describe him as a Christian man because his acts embody the values, regardless of his rationalising.

This characterises the overall theme of the novel: contrasting Levin and Kitty's happy ending with traditional marriage and a pastoral life, with Anna and Vronsky's rejection of traditional values and their need for city life culminating in tragedy.

I understand that this reflects Tolstoy's own conversion and therefore metatextually contains all those realistic limitations of reason. Interpreting the end of such a great novel can be tricky when the fundamental themes conflict with one's own worldview, so I wanted to check that I'm reading this correctly?",discussion,
"A snappier kind of horror: ""The Horror Stories of Robert E. Howard"".
I've been very curious about the stories by this pulp legend. For a while I sort of stuck on either getting his horror stories or the two best of collections of his stories (now those have a little bit more variety to them). Of course I settled for the collection of his horror, which id kind of obvious since I also like horror too, and I was immediately hooked!

Robert E. Howard is most remembered as the creator of Conan the Barbarian and one of the writers of the pulps who were pioneers of the sword & sorcery brand of fantasy. Now this collection has some of those sword & sorcery stories that really lean into, but it's not just the sword & sorcery, there's also a few westerns, sea adventures and even a story involving boxing! And that's quite a bit of variety! And even has some of his poems!

Howard's style of writing is much more simple, and the stories aren't as descriptive as fellow writer, and friend, Lovecraft's is (and I do love Lovecraft!). His stories fast, snappy and filled with adventure and action. And I know there are other pulp writers from that long ago era who also wrote the same way as Howard. There's even some stories that he did that are also part of the Cthulhu mythos, and also some fragments of stories he started, but never really finished in his lifetime.

His stories aren't just eerie and creepy, and all that good stuff, but just really fun to read! I really must get those two book best of series that's also available too, and those have a lot more variety to them! There's also another writer who also is in the same camp as Robert, and of course several others, Fritz Leiber. Now there's another writer that I might want to check out!",reaction,
"O.S.C. Pathfinder series
Never posted in here before, so here goes nothing! I wanted to talk about Orson Scott Card's Pathfinder series, but have yet to find anything on Reddit. I know there's a lot of people that don't like him, but I've never honestly looked up why.

Anyway, I know the books are 10+ years old, but after having only read the 1st one quite a while ago I went ahead and picked them back up.

I'm really confused on the 2nd book when Rigg's party encounters the Odinfold's. If I'm understanding things correctly there was already human life on Garden before Ram arrived and the Expendables lied to RAM about what was on the surface and then went ahead and destroyed all living things on the planet?",reaction,
"A Little Life feels too slow
A friend gifted me this book a couple of years ago, and since then, I've tried reading it several times, only to lose interest each time. The farthest I've managed to get is around 30 pages before putting it down again. I find myself getting bored by the long, dense paragraphs, and much of the content feels unnecessary or unengaging to me. I can understand why many people appreciate the book, but for some reason, I just haven't been able to connect with its writing style or stay invested in it long enough to finish it.",reaction,
Seattle comics publisher Fantagraphics celebrates 50th anniversary https://www.kuow.org/stories/seattle-comics-publisher-fantagraphics-celebrates-50th-anniversary,news,
Historical documents showcased in new book unlock history of Iowa Tribe in Oklahoma https://www.kosu.org/iowa-tribe-historical-documents,news,
"John D. McDonald's The Deep Blue Goodbye (Travis McGee)
I reread John D. MacDonald’s The Deep Blue Goodbye as a way to start slow and fight off my TikTok-brain affliction. As far as I can recall, that was the first Travis McGee novel I ever read way back when. It’s definitely the first in the series. I didn’t remember a single thing about it. But it was fun, and it had some of those philosophical ruminations I remember fondly. That said, Travis McGee and the various female characters all seemed to speak with the same voice. Which bothered me more now, than it did when I read them as a teen. I might read more of the series, but I feel guilty. Like I should be focusing on classic books instead. It’s the same feeling I get when I watch a typical Hollywood movie and realize I still have Kurosawa, Fellini, and Ozu films sitting unwatched.",reaction,
"The Award-Winning Novelist Who’s Under Fire for Simply Depicting an Israeli: After reading R.F. Kuang’s Taipei Story, I can now confirm that this controversy is even dumber than I suspected. https://slate.com/culture/2026/05/rf-kuang-israeli-taipei-story-gaza-book-booktok.html",news,
Texas prisoners face new book ban after hundreds test positive for synthetic drugs https://www.texastribune.org/2026/05/28/texas-prison-ban-hardback-used-books/,news,
"A Thousand Splendid Suns by Khaled Hosseini
I finished a 'Kite Runner', 'A Thousand Splendid Suns' and 'And The Mountains Echoed' in this order a few weeks ago. This post is mostly about ATSS because I felt as though it was the most impactful of Hosseini's novels and I will reference these other novels in a generalized way to avoid spoilers if you haven't read them yet.

To start, I just wanted to say how reading this book made me feel so helpless. The gravity of having your life dominated by where you can go, what you can wear, and who you can even be seen with is such a hopeless existence. it's unbelievable that this still currently happens and that this book is probably not far from the existence of real women during the Islamic emirate/rise of the Taliban and modern day Afghanistan. in contrast, I did appreciate Hosseini's ability to show that even with such a hostile takeover, there's still a beautiful culture and people underneath.

When I first picked up ATSS after reading The Kite Runner, I thought it was going to be another book about the escape from a war ravaged country, the obstacles of immigration, and the difficult retention of your culture. To my surprise, ATSS was about the opposite. It was about the people who couldn't escape their situation and had to survive under incredible difficulty while their own culture was being destroyed and replaced around them.

Some parts of this book were very difficult to read. Laila having to save herself after her parents are killed by a stray rocket. Her only option is to be married and used by a degusting man to avoid detection is one of the most disturbing and heartbreaking things I've ever read.

This book also has one of the bravest and most heartfelt stories I've ever read. Laila and Mariam's friendship and love for their children. Their attempt to escape and Mariam's sacrifice to save Laila so that she can live a live a full life with Tariq.

It's not often that I read a book and think that it's important. Not entertaining, interesting, or educational. But important. This books importance comes from its ability to illustrate a perspective in so many enlightening angles that makes the reader feel so small and helpless that you can feel nothing by empathy for the characters. My goal is to find more stories like this and to share them with others so we can all be better for it.",reaction,
"Favourite reads of 2026 so far?
We’re halfway through 2026, and I’ve been looking back at the books I’ve read so far. I don’t do reading goals and only keep tracks of my books so I have a record of what I’ve been reading, not to reach any specific numbers.

That being said, I did want to be a bit more intentional with my reading this year and focus on women authors and minority voices. Basically, to venture outside the White Western (or mostly North American / British) literature bubble.

I’ve been lucky to pick up some great books and only had a couple of DNFs, but my favourites so far have been (in no particular order)

- Enter Ghost, by Isabella Hammad

This is the story of a British-Palestinian actress who goes to visit her sister in Haifa and ends up being part of a West Bank production of Hamlet, amidst political turbulence. It explores identity and art as a form of resistance, and it was a really good read.

- The Memory Police, by Yoko Ogawa (translated by Stephen Snyder)

This had an Orwellian vibe to it. It’s a dystopian novel about people on an unnamed island where things get “disappeared” by the government and slowly fade from people’s memory. The people who remember are hunted down by the police. It was weird and eerie and I loved it.

- Human Acts, by Han Kang

I love Han Kang and this is her Magnus Opus, so it was a long time coming. The story revolves around the 1990 uprising in Gwangju, Korea, and each chapter is told from a different perspective, showing how different people in the city were affected by the events and how trauma reverberates through time and generations.

- The God of Small Things, by Arundhati Roy

This was a heartbreaking family saga set in 60s India. It follows twins Esta and Rahel and explores how seemingly minor decisions can shape the course of one’s life. It explores the caste system and love laws, the very strict societal rules, and it goes into some pretty heavy stuff, like child sexual abuse and incest.

- The House of the Spirits, by Isabel Allende

Another family saga, following four generations of Trueba family in an unnamed Latin American country (presumably Chile, since some events were inspired by the author’s own life, namely her uncle who was the President of Chile until Pinochet’s coup in 1973). This was a blend of historical fiction and magical realism. I’m not a huge fan of the latter and I thought the book had some strange and often unnecessary sexual elements (seriously, who cares about how big the dog’s penis was?) but overall, it was a really good read and it’s made me want to read more of Allende’s work.

What are some of your favourite reads this year?",discussion,
"Small Country by Gael Faye
This memoir set primarily in Burundi was originally published in French in 2016, then translated to English and published in 2019. I read the English version. It's set in the 1990s covering the timeframe of the neighboring Rwandan genocide.

I liked the book overall because it was personal and historical so I learned a lot by reading this compelling story. I thought it ended somewhat abruptly but that didn't ruin it for me.

I'm wondering what others thought and if anyone has read it in French and English. I thought the English translation was quite natural.

Reading a book with this content was a refreshing break from my typical fiction and I would recommend it for anyone looking for something different. Just know that it's heavy-hearted.",reaction,
Women’s Prize winner Rachel Clarke slams ‘empty and vacuous’ books that use AI: ‘How does that constitute art?’ https://www.the-independent.com/arts-entertainment/books/news/ai-womens-prize-winner-b2962817.html,news,
Flavia de Luce mystery writer Alan Bradley dead at age 87 https://www.cbc.ca/lite/story/9.7205807,news,
"questions for people who initially found LotR super boring and DNF'd early then eventually came back to like it years later.
I first read the Hobbit when I was very early teens (13-14ish) and really enjoyed it. I've read it twice since in my 20's. However, when I tried LotR I remember it being a total SLOG. I was a strong reader in my teens and 20's, I devoured everything reading a couple books a week for years.

I tried LOTR a couple times and eventually got my way through it around age 24-25 but I did ALOT of skimming so a) my comprehension of it is low and b) I barely remember it. All I mostly remember is it was over 100 pages straight, uninterrupted of them leaving the shire and just hiking in the woods. It drove me frigging nuts :D (now I run ultras so 100 pages of two dudes hiking is probably awesome lit). I also remember the Aragorn guy was just as or more badass than in the movies.

Not long after my reading habit fizzled out as I got into other things and I'm only now just kick starting it back in my mid 40's.

I've been going through lots of fun ""popcorn"" books or ""page burner"" books like the Robert Langdon series (ridiculous but fun), Jurassic Park, some 80's fantasy cheese I found at a second hand store (Jhereg! So good, what a surprise) and some Jack Reacher early work.

Now that my reading habit is slowly coming back, I'm getting the itch for something slower, longer and everlasting and my first thought of course was Lord of the Rings. I have read other fantasy novels, namely the Song of Ice and Fire books and it is something I want to dive much deeper in and this seems like probably the best place to start before I work on finding all the other crazy series I've missed over the years.

For those who initially found LOTR to be a total snoozefest or dryer than a sandpaper martini on first go, did you eventually get into it? Did you have to 'learn to like it' like your first scotch? Or did the maturity of going back to it over X amount of time suddenly just make it click for you in your older age?",discussion,
20 Robert Munsch titles are being translated into Indigenous languages https://www.cbc.ca/player/play/video/9.7222867,news,
"Disabled readers, can you tell me about your reading setup and any assistive devices you use?
I'm 27 now and have been struggling to use my hands (especially thumbs) after 14 years of chronic joint pain.

I usually read on my phone because I can't hold physical books, but I can no longer click the remote I bought for my phone to turn the pages and highlight. (I listen to audiobooks but that just doesn't satisfy me)

I'm trying to think of workarounds. Voice commands? Projecting book onto TV? iPad? Lmk",discussion,
Sally Rooney to publish Hebrew translation of Intermezzo with BDS-compliant publisher https://www.theguardian.com/books/2026/may/19/sally-rooney-intermezzo-hebrew-tranlsation,news,
"Have you guys noticed so many popular YA and Middle Grade books from the 2000s have gotten releases in or are still going on in the 2020s?
First the Hunger Games got two new prequels. Then Maze Runner got a sequel trilogy. Now Divergent is getting two new books.

Artemis Fowl got the sequel trilogy the Fowl Twins. Alex Rider had two new releases. The Inheritance Cycle had the book Murtagh. His Dark Materials (which I think is more 90s) had the Book of Dust release its final book.

Riordan and Cassandra Clare are still writing in their respective universes.

Harry Potter has no books but has got a TV Show.

What do you guys make of this.",discussion,
"Jill Biden’s New Memoir Shows Off a Sharp Eye, if Not a Sharp Elbow https://www.nytimes.com/2026/05/29/books/review/jill-biden-memoir-view-from-the-east-wing.html",news,
2026 International Booker Prize Awarded to Taiwan Travelogue by 楊双子 and translated by Lin King https://thebookerprizes.com/the-booker-library/features/everything-you-need-to-know-about-taiwan-travelogue-international-booker-prize-2026-winner,news,
"Oldest chess book auctioned at Sotheby's https://en.chessbase.com/post/auction-sotheby-2026
",news,
"How has grief impacted your reading habits?
I lost a close relative a few months ago and it has had a significant impact on my reading habits. I haven't experienced grief like this before (it's the first time I've lost someone so close) and I'm curious what other people's experiences have been.

The short version for me is that I initially couldn't read anything (no books, audiobooks, or even comics) except for rereading Project Hail Mary in Spanish. I am not fluent in Spanish (though I have some competency from middle and high school classes ago). Still can't do audiobooks at all, which have been my primary form of reading for years, except another reread (Beartown) in Spanish. I just end up feeling sad if I try to listen to one, but I think in Spanish is fine because I'm putting all of my brainpower into trying to understand it. Reading paper books is ok, but I don't have habits in place to spend significant time reading them (which is a whole different story), so I've ended up just reading way less.",discussion,
"What's the last book you read that was so bad that it made you angry?
I read The Rebel and the Final Blood War by K.A. Linde and I just hated everything about it! I don't know if the other two books in the series were this atrociously written and I somehow overlooked it, or if this was ghostwritten by a middle schooler. The author has no concept of sentence structure, and every other sentence is a partial/incomplete thing like ""A woman who had delivered a death sentence with a candy bar.""

This is an actual paragraph in the book:

""Reyna's eyes darted to her friends. Meghan and Jodie gave her an encouraging nod. Gabe winked. Tye smiled. They were all counting on her.""

The ending was rushed and unsatisfying too. Spoiler: the villain of this whole trilogy gets de-vamped (turned back into a human) and just decides to stab himself to death immediately. This deus ex machina occurs on page 307 of the 320-page book.

What have you read recently that made you genuinely angry like this?",discussion,
LitHub: A prize-winning story published in Granta was (very likely) written by AI https://lithub.com/a-prize-winning-story-published-in-granta-was-very-likely-written-by-ai/,news,
Barnes & Noble CEO backs selling AI-written books in stores https://www.the-independent.com/arts-entertainment/books/news/barnes-and-noble-james-daunt-ai-books-b2978925.html,news,
"The Naturals by Jennifer Lynn Barnes
I had really high expectations for it, because it was so hyped. But when I read it, everything felt so bland. It was so fast paced, and the characters didn't even have good enough personality or chemistry. It was all also really cliche, and predictable. I haven't seen anybody yet who feels the same way as me, but it was just too obvious did no one else get it? Also, why the hell would literal fbi agents be referring to the serial killer as a ""he"" without any evidence. Even teenagers, and teenagers who had helped and solved lots of cases. I think the author tried to trick readers into only suspecting the males? But if she wanted to do that, she could have at least had more than one female agent. It was just too obvious. I hated it. And I hate the fact that I bought the second book already. It felt like a poorly carried out fanfiction of Shatter Me and agggtm.
I should just stick to Holly Jackson.",reaction,
"The Ending of Sky Daddy by Kate Folk
I read Sky Daddy not too long ago (loved it and highly recommend it!) and when I was looking up discussion on the book, I was surprised to find that some people interpret the ending as the characters not dying in a plane crash, because it seemed pretty direct to me that that’s what happened when I read it—the description of feeling of inevitability, the plane struggling, “I held my best friend’s hand until I couldn’t anymore,” etc,and it really worked as a bittersweet ending—the main character finally both finds human connection and gets her fondest wish, but at the cost of loss of life. For others who have read it, how did you interpret the ending?",reaction,
"Canon by Paige Lewis
I haven't seen anyone talk about this book yet and while I'm not great putting my thoughts into words I figured I'd give it ago in case anyone else was looking to talk about this one.


I don't really read poetry so I'm not familiar with any of Paige Lewis's earlier works but when Kaveh Akbar and John Green both recommended this book I knew I'd have to give it a go. I absolutely loved Martyr! and was really hoping Canon would be similar and it didn't disappoint. Canon was super funny while still having plenty of thoughtful passages. I loved the unique way the book was written where the chapter names were part of the experience. It was just a great experience and a pretty quick read overall. I think it's best to go into theae kind of books blind but I'd recommend Canon to anyone, but specifically if you enjoyed Martyr! I think this scratches a similar itch",reaction,
Booker prize launches new Quick Read in effort to boost adult reading rates as research finds that more than a third of UK adults find it hard to read books through to the end,news,
Seattle comics publisher Fantagraphics celebrates 50th anniversary https://www.kuow.org/stories/seattle-comics-publisher-fantagraphics-celebrates-50th-anniversary,news,
"Kitchen Confidential by Anthony Bourdain
This is just an appreciation post for Kitchen Confidential and Anthony Bourdain. I am only about 25% into the book (listening to it as an audiobook and Bourdain is narrating it himself) and so far I have been nothing but entertained while getting a glimpse into the life and mind of Anthony. What a character!
He is simultaneously coming across as a self confessed menace but also a passionate and articulate chef/food expert. I have always liked Bourdain and his shows, I just did not realize he had such a knack for the written word as well. Can't wait to read more. I wanted to write this post to get an idea of other people's opinions about this book

P.S- The introduction written and narrated by Irvine Welsh (in that thick, sublime scottish accent) for the 25th anniversary edition is THE CHERRY on top.",reaction,
"Batshit 7, by Sheung-King
I seem to be in such a weird mood lately that I hardly ever finish a book. Well, I finished this one. The author's name is a pseudonym, his actual name is Aaron Tang, and I imagine it's fairly autobiographical. He was born in Canada and raised in Hong Kong and the book is about a guy in about that situation.

And he's kind of obsessed with ""what it means"" to be Hong Kongese. Maybe that's the McGuffin: why someone would obsess over something like that. I never heard a Nigerian wondering what it means to be Nigerian, and Americans sure don't talk about what it means to be American. Maybe he's afraid if he doesn't figure it out he'll vanish into the wallpaper. Freedom from identity = nonexistence.

Beyond that, it's a tale of his gradual descent in the world. When he first got to Hong Kong (the character, of course) he was in a very privileged position. Now he's avoiding become an ESL teacher by doing things he doesn't believe in and that seem to damage his soul. His friends and relatives put various pressures on him to try to fix him, in one way or another, and none of it seems to have much effect. I can surely relate to that.

I think what I enjoyed the most was the clarity of the character, about what's happening to him and what he seems to be able to do about it. There are things he can do, and things he can't do, and the result seems to determine his position. He's a very intelligent guy, surrounded by very intelligent and generally well-meaning people, and all together they can't figure it out or fix it. The more astonishing someone's power is, the more astonishing their simultaneous powerlessness. Like gods in prisons of sand. You can move what you can see, but you can't see anything.

Well. I wouldn't say it was one of the best books of the year, but it's one of the best I've read this year. Pretty thought-provoking and interesting. Well worth the time.",reaction,
Queer Books and Authors are at a Breaking Point https://bookriot.com/queer-books-are-at-a-breaking-point/,news,
How Barnes & Noble Became Private Equity’s Most Radical Retail Experiment (archive link in comments) https://www.bloomberg.com/news/features/2026-05-26/barnes-noble-s-private-equity-owners-pulled-off-a-rare-retail-comeback,news,
"What I like about Sanderson
A few days ago there was a post on Sanderson, TWOK, and everything the OP didn't like about his writing. And I actually found myself agreeing with a lot of what they wrote-- specifically about his dialogue.

It made me reflect on why, in spite of his often poor dialogue, I love his writing.

What it comes down for me is Sanderson is bad at writing how people actually talk, but he is great at writing how people, at least a certain type of person, think.

His characters all have a fierce interiority. They're often anxious, a bit neurotic, and, through a fog of difficult emotions, they're struggling to process the world around them. And most of all, they tell stories to themselves about how the people around them perceive them, and those stories get in the way of genuine connection.

This is why, despite agreeing with a lot of the criticism, I really disagree that he writes bad characters. As someone who has struggled with anxiety, can be a bit neurotic, and for a good part of his life lived more in his own head than outside it, I've come across very few writers who capture that experience better.

The arc of his storytelling is so satisfying to me, because these characters have to work through their own internal struggles and their own false narratives in a way that feels so true to my own experience. And when they finally get a moment of connection or understanding, that moment is so rich and rewarding because you've gone on this journey with them.

All that to say, I understand why quite a few people don't find his writing appealing. I recently read that 50% people don't have an internal monologue, and if this describes you, I can understand how there isn't much here for you. But if you're quick to dismiss his writing as ""romance-slop for dnd fan"" or whatever, hopefully this helps you understand why someone can love his books so much and be willing to look past his writing faults.",reaction,
"Review: “The Sorrowstones” by Felix Blackwell
“The Sorrowstones” by Felix Blackwell is one of those horror novels I wish I had read sooner. This was a jam-packed story with all sorts of creepy horror, one hell of a story, and even graphics throughout of these infamous sorrowstones. It was close to a masterpiece of a horror novel, but this book will undoubtedly leave its mark on you.

Before I dive into my horror book review, here are all the trigger warnings I found while reading:

- Columbine High School massacre
- Cannibalism
- Tumors
- Self-harm
- Violence against animals (dogs, cats)
- Depression
- AIDS
- Bullying
- Homophobic slurs
- Parental abuse
- Domestic abuse
- Suicide
- 9/11
- Cancer

If any of these trigger you, please do not read this novel. Moving along, the graphics you’ll see as you read through the different segments of chapters were incredible. This always brings me back to my teenage days, when I used to read all sorts of horror paperbacks with graphics, which added a nice layer of immersion to the reading experience.

The immersion here was incredible, not only in the graphics but also in Blackwell's excellent writing style. This is actually the first book of his I’ve ever read, and I’m impressed. The character development, the descriptive horror situations and events, and the plot twists were superbly written. I can easily see why so many avid horror readers speak highly of his books.

I genuinely enjoyed Cole as a character, following his journey from childhood to high school. Even though it has a bit of a Young Adult coming-of-age vibe at times, it was incredibly relatable. It did bring me back to my own high school days, when it was all about music, video games, pizza, and hanging out with my friends. All the band references Blackwell dropped in here resonated well with me, as I’m a huge fan of Slipknot, Deftones, and System of a Down. He even dropped a Resident Evil reference, which always makes my horror-gaming heart happy.

The overall story of watching Cole's development over time was exceptional, especially since the intro grabs you right at the start. It’s a pretty quick read, thanks to the short, quick chapters. Let me tell you, I’ve read hundreds of horror books in my life so far, and the horror here written by Blackwell is next-level pure awesomeness. Don’t worry, no spoilers here, but it’s so visceral and flat-out disgusting that I made many weird faces while reading. I loved every moment of it.

My only complaint here is that several parts of the story dragged on. The pacing was a bit slow at times, as the dialogue-heavy sections felt too long for me. Regardless, the whole horror mystery surrounding the sorrowstones was exciting to read. As always, whenever I read horror, I go into every book blind and don’t try to figure anything out, so I’m pleasantly surprised.

Once things started to heat up and get climactic from the 80% mark onward, I was so anxious to finally see what these sorrowstones are, their origin, and everything else in between, but I was a bit underwhelmed by the ending. It was still good, but I was hoping for a final, crazy, drop-the-mic twist besides what was revealed. Don’t get me wrong, it all made sense and wrapped everything together nicely, I was just hoping for a little more.

I give “The Sorrowstones” by Felix Blackwell a 4-Star rating out of 5. There is so much horror here to love, it’s awesome. Besides the creepy graphics of the actual sorrowstones you’ll see as you read, the story is fantastic, and there are several gut-wrenching, horrific moments that happen where I guarantee you’ll freak out. As my first Blackwell book, this was a lot of fun, and I look forward to reading more of his books.",reaction,
"Tell me about that time that you had an argument with a loved one over a book you both read- I'll go first
This is a story about my son.

When he was little, or at least littler than he is now, I read him a storybook about a parrot who was the pet of a merchant who loved him very much. And the parrot loved the merchant back, and would sing songs for the merchant every day.

The merchant was travelling to India for trade, and asked his beloved pet if he wanted anything as a gift from India.

The parrot asked him only to visit the jungle where his brothers and sisters were flying free, and tell them that he sent the greetings from his cage.

The merchant was a bit miffed at the parrot, but agreed to do so, being an honorable man of his word.

So he visited the jungle and told the wild parrots what their brother had said, and the parrots shivered, and then fell down, lifeless and still, on the ground.

The merchant, shocked and upset, eventually returned home, and went straight to visit his beloved parrot, waiting for him in his cage.

Reluctantly, he told his parrot what had happened.

At the shock of hearing this terrible story, the parrot shivered, and then fell lifeless to the bottom of his cage.

The merchant, grieving and sobbing, opened the cage to draw out the body of his friend.

The door of the cage open, the parrot shook himself and flew away.

The end.

My son said he was on the merchant's side.

It had never occurred to me, -who had known the story since my own childhood (in fact I think I had read hi mmy own storybook), that there was a merchant's side- I thought obviously there was only one side, that of freedom, and I was shocked that my son said all the merchant wanted was to love his parrot. I genuinely can't believe he has such a bad take of the story.

We had a huge argument about it, and sometimes, one or the other will say The Parrot and The Merchant, and we will argue all over again.

Tell me about the unbelievably bad take your loved one has on a shared story, and how it makes you question their judgment and character.",discussion,
Article: Maggie O'Farrell flattens 19th century Ireland into a theme-pub cliché in her new novel https://theconversation.com/maggie-ofarrell-flattens-19th-century-ireland-into-a-theme-pub-cliche-in-her-new-novel-277602,news,
Article: Author Jon Klassen’s prestigious award win reflects a broader shift in children’s literature https://theconversation.com/author-jon-klassens-prestigious-award-win-reflects-a-broader-shift-in-childrens-literature-283753,news,
"Yesteryear - says more about the writer than the subject.
I just finished Yesteryear. It's a very interesting read, and Caro Claire Burke's written it in this propulsive, immediate manner that really draws you in. However, while the book is really worth reading once, it left me with so many questions, and so much irritation at what could have been and was not.

First, Caleb gets off easy. So easy. I read an interview by Burke where she mentions 'my toxic trait is that I love him. He could've just been a schoolteacher.' Yeah, that's true, but in the book itself, Caleb is utterly vile, a rapist and abuser who drugs his wife and slaps her around. She writes intitially about the dichotomy between him and Natalie, how he's a man with some stereotypically feminine traits, who wants to do yoga and be a kindergarten teacher. Which is all fine, but that doesn't absolve him from what he does later, and it's like when men are passed off as 'simple' and 'stupid' , 'under the influence of a bad woman'. There is nothing endearing in this character, no modicum of decency, which his creator seems to find.

Second, why is she so obsessed with putting Natalie in a place where she's abused? It's not enough that she's now in a poverty stricken household, having to do stuff she could afford help for, before. There's an element of 'haha, serves her right' about it which feels unempathetic and frankly jarring to me. What does her abuse add to the plot?

ETA - when I write Caleb got off too easy in the book, it means in the eyes of the author. Not in the eyes of the law, because who knows? However in the eyes of the author it's very clear that he is as Natalie made him. The assumptions behind this are very odd.",reaction,
"East of Eden
I’m sure this book has been discussed here a million times so I’ll keep this post brief but I just finished reading it for the first time and I’m overwhelmed by how mesmerising and enjoyable it was to read. Steinbeck’s ability to bring his characters to life is unparalleled. Not only the fact that all the main characters are drawn with detail, insight, love and vibrancy, but each minor character who we happen upon accidentally, some appearing for only a glimpse, are still colourful and entertaining, often endearing or amusing. I felt like every page was a genuine slice of life. The language and descriptions of the Salinas valley was also very rich and felt like a character in itself. As a modern day garden of Eden, it seemed to encapsulate the ambiguity and imperfection of contemporary America.

I was fascinated by Cathy/Kate. I couldn’t help but try to seek some redemption within her character. Can we ever just say a character is just evil? After all she was always subjected to the male gaze, she was only ever compelled to appear as what the men in her life wanted to believe she was and for that, she is sexually assaulted and beaten within an inch of her life. Was Steinbeck more making a statement about how women are seen in society - the dichotomy of the Madonna and the whore, and relating that back to the origin of it all, Adam and Eve? I think we also see Abra struggle with societal perceptions of women too.

I loved Lee and his indomitable presence through the novel as a wise man and caregiver. I suppose Samuel has a similar role, which Lee inherits, I felt Samuel was depicted as nearly divine, he was everyone’s father. I think my favourite character of all was Cal though, I was rooting for him so much to overcome his doubts and insecurities and I liked his conclusion, where he seems to be on the journey towards full acceptance of himself and his value within the family and society. Living up to others’ expectations, feeling like a failure to do so and the pressure and impact that put onto all the characters formation and lives seemed to be one of the major themes. One thing I didn’t really get was Timshel, I need to research this more.

Interested in anyone’s thoughts and sorry for probably repeating very obvious insights. Do you think this was the Great American Novel? Also I was excited to see that there will be a Netflix adaptation coming out this autumn, what do we think about what that will look like?",reaction,
"How Houston’s Murder by the Book Gets Away with a Life of Crime https://www.houstoniamag.com/arts-and-culture/2026/06/murder-by-the-book-houston-mystery-true-crime-bookstore
",news,
"Childhood's End by Arthur C. Clarke is a unique take on first contact and alien ""invasion""
Going back to 50s-70s scifi can often be a bit of a challenge, especially through modern eyes. Despite the cool ideas and concepts, they can feel dated in how they approach social and cultural norms. Arthur C. Clarke, however, I've found to generally feel a bit more ""timeless"" than other authors of the same era (especially Asimov and Niven), and I really enjoyed Rendezvous with Rama and The City and the Stars.

Childhood's End similar to those books, still feels pretty contemporary and has a pretty cool and unique execution of a familiar premise - first contact with a race of super-advanced aliens. But instead of the violence/invasion/war approach, Childhood's End goes the exact opposite direction, with the aliens basically helping rid humans of all their problems.

The book then follows through with that concept and explores what that would actually look like in reality. It's a somewhat rambling, meandering narrative but I think it works for this particular story. It goes from both small-scale and intimate to the epic and cosmic. The final arc of the story, with the discovery of the Overmind, humanity merging into a single consciousness and the Earth exploding into a nothingness is cool as hell, and feels very classic ""sense of wonder"" scifi. There's a sense of melancholy to the narrative as well as we watch humanity dwindle into nothingness, not through conflict or violence, but through sheer attrition.

With that being said, Childhood's End is still old-timey sci-fi when it comes to what it's not good at - the characters have zero personality and really only exist to drive the story, and the prose is functional at best. If you can overlook that, this is still very much worth reading.",reaction,
"Interesting thing I noticed about The Topeka School by Ben Lerner
I have quickly become a huge fan of Ben Lerner but I noticed something in this book that concerned me. I was worried he had stolen a very minor part of the novel from an episode of This American Life.

The character Jane is the mother of Adam, the protagonist. In one of her chapters she talks about how, one Christmas their parents couldn’t afford to buy them much for Christmas and so they bought her and her sister each a painted tissue box. Jane started crying but her older sister convinced her that these were special boxes, hand painted by animals.

This reminded me of an episode of This American Life where someone told a story EXTREMELY similar to to this one. I’ve tracked it down to this segment.

When Small Thoughts Meet Big Brains.

Here is the cool part - when I started listening, the story started out. “when Harriet Lerner was a little girl…”

Harriet Lerner is Ben Lerner’s mother. And his novels, at least the three I’ve read, have been about his own life.

So, 20 years before he was famous, his mother was on an episode of This American Life.",reaction,
"Genuine question about why Beartown by Fredrik Backman is so popular **SPOILERS**
I’m just finished Beartown by Fredrik Backman and to be totally honest I am having a really hard time understanding why people love it so much. I would like to share my thoughts and also get some perspectives on why other people did like it.

It was a compelling enough story for me to read it and I will say that I was invested, but for most of the book I was so sad and angry and it really feels like it was rage bait, for lack of a better term. Kevin does one of the worst things someone can do but there are no repercussions to his actions other than the fact that he can’t play in the final and there is fallout between him and Benji. I kept waiting for him to get convicted or admit that what he was guilty or SOMETHING, but it never came. The whole last half of the book is just Maya and her family getting hate for coming forward. I know this is unfortunately the reality for many women, but it was so hard to read. All the vulgar comments about women and rape were so gross and almost no one ever apologized or acknowledged that what they were saying was wrong. Even the coaches, fully adult men, were making jokes and nasty comments.

I also hate that the only reason Peter was voted to stay as GM and people actually apologized to him was because a man (Amat) stepped forward and shared that Maya was telling the truth. It sucks that it had to be a man that “saved the day”. I feel like it would have been more powerful if another woman had been the one to back up Mayas story.

I was also extremely disappointed in the last few chapters. I am generally a fan of non-linear storytelling, but it jumped around so quickly that it distracted from the intense moment that the whole book was leading up to of Maya and Kevin in the forest. I am glad that she didn’t end up killing him, but the way the moment of them in the forest played out way so unsatisfying to me, especially since it was a callback to the literal first thing in the book.

Anyway, those are my thoughts! Like I said, I would love to hear from people who did really like it and why you did. I am curious what I’m missing and would love to have someone change my mind :)",reaction,
"Booktubers like Write Conscious?
Im not sure if this is the right subreddit but im looking for youtube channels that are similar to the videos of Write Conscious. He makes plenty of videos of books that are discussed in this subreddit and ive been introduced to tons of good stuff like Murakami, Mishima, Don Delilo, etc, through his videos. Thing is though is that ive been really disliking his recent takes lately. I dont intend to make a hit post here, so in brief ill just say his analysis and takes are just cringe. His presentation is also pretty bad, mostly the way we stumbles over his words.

What i do like is his passion for literature get me excited about reading books and his taste is good. I want to know if there are any similar booktubers with similar tastes, that are more articulate, and that have well thought out analysis of novels.

So far what ive found are booktubers who talk about recent releases and classics, but I want to know more about the transgressive stuff.",discussion,
"Books that hit differently depending on if you read them or listen to them
So I'm someone who will often listen to audiobook versions of favorite books (or will switch between formats depending on what comes in first from the library) and I've always found it interesting that some books shine as audio that didn't as text, or vice versa, not to mention books where I liked both versions but had different reactions to characters, plot, etc based on the format.


Of course, a lot of this is the quality of the narrator- a narrator can really help or ruin a story- but even outside of that, I've found that audio can expose weak writing (that I would otherwise miss because I was skimming past it) or lift prose that seemed a bit flat on the page because it had a rhythm and lyricality that I was missing until it was spoken.


Has anyone else experienced this? Are there any notable examples?


Terry Pratchett is an author whose books I've enjoyed quite a bit in both formats, but there are def a few i didn't enjoy as much as others until I heard them. Part of this was jokes or implications I missed until I was forced to *hear* them, but sometimes it changed my perspective on characters or plots that hadn't landed for me.


I find in general my appreciation of the prose is keener in audio format, but I tend to not pick up on deeper themes and subtext quite as easily as I do with the written word.


At the same time, I find that I'm a lot more tolerant of meandering text in an audio format (eg a lot of vignettes that only slowly advance the plot, etc)",discussion,
"What’s a book where, the experience or perception of the book, is greatly influenced by the readers mindset or experience?
By this I mean, it could depend on the reader’s age or lived experiences, etc.

The book that made me think of this is Pet Sematary by Stephen King. I like horror books and whenever i look up lists of popular horror books, that one comes up. But one thing I noticed is that, most often, the people who say that this book genuinely scared them or that they had the strongest reactions to it, were parents. Now I don’t have kids and I still enjoyed it, so having kids isn’t a prerequisite to enjoying the book. But clearly being a parent does add to the experience of the book.

Another one that comes to mind is The Alchemist by Paulo Coelho. I read that book in middle school and found it reflective and insightful. I think back fondly on it. Whenever I see the intense online criticism against it, especially the “this is like a baby’s first philosophy book” from adults who read the book, all I can think is “well that’s probably why I liked it so much. It literally was my first experience with philosophy.” I personally think if you haven’t read that book as a kid, you’re likely not going to enjoy it.

This can go the other way too. I had to read Beloved by Toni Morrison as summer reading in high school. I remember forcing myself through it (aka skimming) because there was a test the first day of school and I just didn’t care for it. Reread it recently after so many “this is such a great book” comments and WOW. It makes me want to reread all the books I didn’t care for in school.",discussion,
"Review: “The Talisman” by Stephen King and Peter Straub
​“The Talisman” by Stephen King and Peter Straub is another pre-reading book I couldn't wait to read in preparation for my journey to The Dark Tower. It’s been a goal of mine I started back in 2024, and I’m well on my way.

Before I begin my review, if any fellow Constant Readers want to read The Dark Tower series the way I am, here’s the list below if you wish to have the full experience to enjoy it. Remember, this includes all the pre-reading material and the specific way to enjoy this series for maximum awesomeness, based on a plethora of feedback from other Constant Readers, librarians, and those who have conquered The Dark Tower…

The Stand
The Eyes of the Dragon
Insomnia
Hearts in Atlantis
‘Salem’s Lot
The Talisman
Black House
Everything's Eventual (The Little Sisters of Eluria)
The Dark Tower I: The Gunslinger
The Dark Tower II: The Drawing of the Three
The Dark Tower III: The Waste Lands
Charlie the Choo-Choo
The Dark Tower IV: Wizard and Glass
The Dark Tower: The Wind Through the Keyhole
The Dark Tower V: Wolves of the Calla
The Dark Tower VI: Song of Susannah
The Dark Tower VII: The Dark Tower

I also found just two trigger warnings in The Talisman, which were…

- Cancer
- Drugs

If these trigger you, please do not read this novel. Moving along, “The Talisman” was an incredible read with great characters that hooked me immediately. Considering what happened initially, I loved Jack Sawyer and his overall story the most. It was great to read about his character's progression, since his journey is fantastic.

This was more of a dark fantasy than an actual horror novel. Don’t get me wrong, I loved this novel, but it was more of a backstory of these parallel universes, the Territories, than anything that terrified me. It’s a slow-burning novel, but it’s worth it if you stick to it. The world-building was incredible, especially since it paints a better picture of what awaits when I eventually get to The Dark Tower.

Funny enough, this novel reminded me of King’s “Fairy Tale,” which I loved back in 2022, and of “The Talisman,” which gave me similar vibes with its different realms and dimensions. I won’t spoil anything for you, but this novel, alongside all the other pre-reading material I'm getting through, helped explain this whole Dark Tower multiverse, even though it sometimes got confusing. It eventually made sense once I got to the final 30%.

Later in the story, I loved the character of Wolf. Wow, he's one of my all-time favorite characters I’ve ever read! Between him and all the obstacles Jack faced, this was a lot of fun to read. I’ve always enjoyed the whole good vs. evil style of writing, and King/Straub nailed it here. “The Talisman” felt like an '80s fantasy movie as I read, and I loved it because it took me back to my youth. Jack’s progression in this story to do whatever he needed to save his mother was inspiring when things started to unravel, and I wasn't even sure what would ultimately transpire.

The horror parts that hit were good, even though I wanted more, but the thrills and pacing picked up big time in the final moments of this novel. Some parts dragged on, but it’s still a killer story, especially the ending. I loved how everything wrapped up, leaving me with a huge smile because that was one hell of a ride.

I give “The Talisman” by Stephen King and Peter Straub a 5/5 for being an incredible dark fantasy story with memorable characters, plenty of thrills, a decent amount of horror, and a satisfying ending. This was also the first book I’ve ever read by Straub, and I can quickly tell he was an amazing author. I hope he’s resting in peace, as I plan to read more of his work in the future, especially “Ghost Story,” since I hear it’s one of his best and most popular novels.​

With all that being said, I’m now just one book away from finally going to The Dark Tower, as I already read ""The Little Sisters of Eluria."" Now, if you’ll excuse me, since I finally found this famous Talisman, I'm excited to visit a Black House next.",reaction,
AI-generated activity book for NWT Mining Week draws concerns https://cabinradio.ca/291932/news/arts/ai-generated-activity-book-for-nwt-mining-week-draws-concerns/,news,
"Blood Meridian - 3rd Epigraph, my thoughts
Ohh, my God what a Book. I think I've never consumed a piece of literature, so intensive like Blood Meridian. There's so much to unpack, and while I don't have the cultural education, to deciver even a fraction of the allusions, there are luckily other that will help you out. I adore the language and I've learned so much about American history. I did some more research on the opening quotes and I'd like to share what I've found / was thinking about it.

Clark, who led last year’s expedition to the Afar region of northern Ethiopia, and UC Berkeley colleague Tim D. White, also said that a re-examination of a 300,000-year-old fossil skill found in the same region earlier shows evidence of having been scalped.
–The Yuma Daily Sun

I love so much what McCarthy is doing with this quote. It break super hard with the poetic language of the two statements before. And on my first read / listen* I read this as: ""Listen, this isn't about a specific place or time, this is about something fundamental"". Which I still think is absolutely what McCarthy want to transport here.

But on my Second read, I've noticed the source. So I did some more digging and found out that there's an aftermath to the Quechan (Yuma) murdering Glanton's Gang. This incidence will later be known as the ""Glanton Massacre"", and will serve as pretense for the Gila Expedition, trying to uproot the Quechan. The state of California will start it's first ever Military Operation and fail. There will be more expeditions, but ultimately the Quechan are never expelled from their home land. And in 1978 they won a legal battle extending their Reservation significantly. From what my research turned up the region is resonably economically prosperus(Casino, and some Industry) , and likely was at least doing OK, during the time McCarthy wrote the novel. Hard to research for me.

So in my interpretation of Blood Meridian it's not a tale about how violence precedes ""civilization"", but how ""civilization"" transforms violence. And the Judge is the Archetype of that transformation. All that copying and destroying of natural and cultural artifacts, his obsession with witnesses and accounts, reads to me like the Instrumental Reason that drives Capitalism. In the End the land is fenced off, the bones of the buffallos are gathered to be turned into fertilizer, for the mono-cultures that will follow the ecocide.

So back to the ""Galanton Massacre"", what the Quechan did was basically remove some dangerous highwaymen, the state was impotent to deal with. But for the state it will deliver the pretense to fight them. I think McCarthy has cautioned us time and time again about who's account we are reading, and after in some interpretation, I read the Judge is the Judge of representations. So I don't know, I feel like here McCarthy, is telling us something, by just not telling it to us. But there's another thing: how the Quechans, unlike the kid, participated in the Dance and how it transformed them:

The Judge's argument isn't that people must physically kill each other forever. It's that all engagement is war, that the dance encompasses every form of contest through which sovereignty is asserted and contested. ""Whatever in creation exists without my knowledge exists without my consent."" The claim to mastery doesn't require a scalping knife. It requires the will to assert yourself as a party to the contest, in whatever arena the contest is being fought.

And that's exactly what the Quechan did. They fought the militia with guerrilla warfare when the arena was military. They signed the treaty when the arena shifted to diplomacy. They endured the Dawes Act when the arena was administrative survival. And then in the 1970s they turned the government's own paperwork against it, the 1893 agreement's conditions weren't met, so the cession was void. That's not stepping out of the dance. That's recognizing the dance has moved into a courtroom and showing up with better footwork than the Bureau of Land Management.

Last little fun fact. According to my research, the office of the ""Yuma Daily Sun"" would have been in walking distance to the historical site of the ferry the Glanton Gang was operating. I don't know but McCarthy must have felt like the smartes motherfucker on the whole planet when he dug up this quote.

Excited to read more American Literature, I've just started with Faulkner and might read some Hemingway next.",reaction,
"Thoughts On Congo By Michael Crichton
As the author of Jurassic Park, I guess it’s no surprise Michael Crichton’s writing manages to get me interested in ideas/concepts and whatever scientific jargon he decides to write in I otherwise wouldn’t care for at all. I had a previously read Prey, so I was a bit intrigued on what Congo would have in store for me. I can’t pin down exactly what elements of his writing draws me into his work but whatever it is, is just enough for me to get through Prey and Congo.

I wasn’t really invested in the plot about Karen Ross finding diamonds in a legendary lost city, but instead I was very invested in whenever the novel explains the Congo’s history of exploration, its animals (this is so far the only novel I’ve read to involve a hippo attack and now I want to watch the upcoming movie, Hungry even more), and various explanations for gorilla behavior especially when Elliot and Amy is introduced.

Amy being an intelligent, female gorilla who was taught sign language and the reveal that a unique, aggressive species of gorillas were trained to be guard/attack animals by the ancient people of Zinji made up the bulk of why I even read Congo in the first place.

Interestingly, when the protagonist’s party discover traces of the unknown gorilla species, they mention a cryptid species of ape/hominid called the kakundakari.

Overall, I find Congo to be among the better additions to the so far limited list of Michael Crichton’s works I’ve read besides Jurassic Park. Found myself being much more fascinated by it than Prey.

Though, it’s the type of random book I’d buy at a thrift store to then sell back somewhere else/donate once I’m done with it. Still a solid page-turner.",reaction,
"Life of Pi by Yann Martel
I picked up Life of Pi after having seen the movie years ago, and I’m honestly glad I waited because the experience of reading it felt completely fresh. I was immediately impressed by the beautiful prose and was quickly absorbed in the story. Despite already knowing the plot twists and how the story ends, I was fascinated and ended up burning through the whole book in about three sittings.

The premise is so interesting; simple on the surface, but layered in a way that keeps you thinking the entire time. And the metaphor is such a powerful reveal. It’s one of those books that kind of lingers with you after you finish, making you question what you just read and what you believe.

This has easily become one of my all time favorite reads for this year. I’d definitely recommend it to anyone who wants a good, pensive read.

I’d love to say more… but I don’t wanna spoil anything.

“I will tell you a story that will make you believe in God…”",reaction,
"Review: Headtaker by David Guymer
Black Library novels have a very mixed reputation. Understandably so, in fact. At their best they're often seen as above average fantasy or sci-fi, at their worst they're dude-bro airport novels about space fascists with no character development blasting aliens apart.

Headtaker is a frustrating novel at times. Released as part of the 'Warhammer Heroes' range back in 2014, it was a range less focused on fleshing out the wider setting of the various Games Workshop IP's and instead zooming in on specific characters. Characters who had existed previously in the games background and were playable on the tabletop, to be exact.

I dont know if it was intentional or not, but Headtaker was preceded by Skarsnik (witten by Guy Hayley) and followed by Thorgrim (also written by David Guymer) in creating a sort of trilogy showcasing the increasing combat in Karak Eight Peaks, the mountain home of the settings Dwarfs. I've read Skarsnik before Headtaker and the comparison is not favourable to Guymer.

The book is named after our protagonist, the Skaven Warlord, Queek Headtaker. Skaven are a race of awful, cowardly, duplicitous, and incredibly dysfunctional Ratmen. Their society is built on self serving back stabbing, casual displays of violence and cruelty, and a truly ludicrous ego. Queek drops a few of these traits, being incredibly brave, but is simultaneously alarmingly psychotic. To the point where just about everyone is terrified of him or views him as a loose cannon.

The overall narrative is that Queeks superiors have saddled him with Sleek Sharpwit, a crippled, ancient Skaven. If the name doesn't clarify it, he's a thinker to Queeks fighter, and is also where the problem starts.

Guymer REALLY wants this to be a Sharpwit story.

Which is fine, honestly. He's a significantly more fascinating character, being one of the few in his race to favour more alien ways of thinking. Skaven society does not treat the weak well, and his age and infernment are a severe hindrance to someone like him, even as he bitterly skewers his own race's failings. Unfortunately we have to jump back frequently to Queek who's schtick gets old fairly quickly. He's crazy, he's violent, he doesn't plan, he talks to the severed heads on his back banner, and likes to fight. Rinse and repeat. This leans into my next issue.

Theres too many damn characters.

Off the top of my head theres at least 20+ named character with 5+ point of view characters. A lot of them just aren't necessary and dilute the overall feel of the narrative. The core crux of Sleek trying to get his plans in motion and attempting to outwit or assasinate Queek (who is a hindrance if there ever was one) is frequently interupted by other skaven, or dwarf perspectives. Their stories are neat and all, but it leads to a terribly muddled feeling. Similarly it bloats the story out horribly, this thing is 400+ pages and it just has no damn right to be this long or tedious.

Finally, while its characterisation work is fairly decent, definitely getting us into a non-human mind set, its setting work is significantly worse. Often it feels like we just...end up at places, somehow. Characters occasionally teleporting or appearing out of nowhere

Overall it was a harder read for me than usual, tedious and slow, I managed to finish several other books on the side while slogging my way through it.",reaction,
Research Integrity Experts: Ban on Authors Who Submit AI Content “Welcome but Unenforceable” https://www.insidehighered.com/news/faculty/books-publishing/2026/05/22/ban-authors-who-submit-ai-content-welcome-unenforceable,news,
"The Streets of Laredo by Larry McMurtry: A significantly darker and violent story than Lonesome Dove, but equally excellent.
How do you even follow up a book as good as Lonesome Dove? Lonesome Dove did an exceptional job with its themes and character work and I'm happy to say that The Streets of Laredo follows this just as well. This book is very different though; it is significantly darker, more grim, much more bleak and depressing, and in general has a much more violent tone. In fact, there were numerous moments that reminded me of Cormac McCarthy. There is a big emphasis on the growth of civilization and how all of the old West ways of life are winding down and coming to an end. This is especially shown by the character of Brookshire, an accountant who is forced to go along with Call to hunt down an outlaw and who is significantly out of his depth for the entirety of the book.

McMurtry did a great job of doing a very grounded and realistic take of the Old West in Lonesome Dove, but it still had some of those romantic feeling elements just by the nature of the work that the characters were doing (driving cattle, chasing buffalo, etc) and, although the world was brutal and rugged, there were still moments of beauty and goodness to be found. Here though, that is practically nonexistent. The Streets of Laredo is extremely brutal and violent, and one of the major themes McMurtry is showing here is that there is nothing beautiful or romantic in gunfights, no matter how they may be portrayed in TV or movies. Violence begets violence, some characters are just mean for its own sake, and the actions they carry out have consequences for everyone involved, whether directly or indirectly. Things are chaotic, messy, and violence is ultimately meaningless.

Tied into this, another major theme is the idea of aging, decline, death, and mortality. In Lonesome Dove we saw plenty of death, but here, the events are set about two decades in the future. The characters we know are getting old, decrepit, and we get to see how they face these trials and it's not pretty.

The last major theme I'll address here is violence, but specifically against women. There is a lot of abuse and sexual violence here. None of it is explicit or graphic in any way, but it is present throughout the entirety of the novel and is very difficult to stomach, but is very thought provoking as it explores the nature of human relationships, motherhood, family dynamics, and the nature of suffering.

The character work is exceptionally done and all of the themes are explored through the cast, and I think all the characters here are absolutely fantastic. They are well realized, realistic, and there were many character interactions that were extremely moving, and many moments that provoked deep emotional responses.

Despite how depressing and dark this book is, I thought it was excellent. While I didn't enjoy it as much as Lonesome Dove, I think that it is well worth reading. Read Lonesome Dove first, and if you enjoy it as much as I did, you absolutely need to give this one a try.",reaction,
Why Reading Is Now Restless https://www.theatlantic.com/ideas/2026/06/ai-writing-reading-nazir/687419/,news,
"When did poetry fall so behind prose in popularity?
At least in American literature. Almost every culture has at least one epic poem of foundational importance like the Iliad or Ramayana.

Throughout history poets where widely respected
But modern America there are some poets it’s far less popular then prose. It seems to have happened after the 19 century so why is poetry so less
Important? At least in English speaking countries I’m not sure of others",discussion,
"""Availability is the most attractive feature"" and other bad, terrible life lessons from books
It's commonplace to talk about the amazing wonderful inspiring things we learn from books- and certainly I learned plenty. Being true to yourself, seeking adventure, making friends, learning about history, learning about violence, - these are some good things I personally learned about from books.

But we don't talk about the bad life lessons from books- the ones that imprinted on us and continue to haunt us in a bad way, rearing their ugly head once in a while, much like a shitty parent.

I read the line above in the book ""Anti-Death League"", by the mostly forgotten but once wildly popular British novelist Kingsley Amis. I read it over thirty years ago, in the context of a rich aristocratic titled lady who had set herself up as the local free prostitute, happily providing sexual services to men from a local military base, who lined up every evening to enjoy her attentions, taking turns.

And even though I am not a rich independent aristocratic titled English lady graciously pleasuring the men of a local military base, the phrase stuck with me, and once in a while threatens every relationship I wander into.

Likewise I read Portnoy's Complaint by Philip Roth, along with an assortment of famous American misogynists - looking at you Saul Bellow John Irving John Updike- at a similarly impressionable age, and despite knowing and meeting plenty of nice normal men and women in good relationships in real life, those authors continue to threaten my sense of stability and healthy relationships. What if all men and women are actually like that in relationships? What if I'm like that?

What were some terrible, horrible, no-good things that books did to your brain?",discussion,
"Rejection by Tony Tulathimutte has genuinely been the hardest read of my life
Cringe is such a funny emotion. Sometimes, it's a feeling you deploy to engulf others like a phagocyte. You see someone so unable to engage in the performance of human sociality that you can't help but balk in disgust at them. Other times, cringe is much more internal. Empathy will have you trying to walk a mile in someone else's shoes only for your to realize there were razor blades sewn into the soles.

Rejection was a punishing onslaught of cringe with every page turn. I wanted to fold into myself so hard that I'd squeeze out whatever capacity I had to imagine someone navigating a challenging social situation. What made it so difficult is that as embarrassing as it is to say, I saw myself in the characters that lived in these short stories. Tulathimutte has such a deft understanding of the psychology of the depraved that it physically stings that there are identifiably human traits in them.

I have been a man who believed that self-flagellation was essential part of feminist allyship and bemoaned my lack of romantic connections that followed. I have failed to integrate love and support from partners into my own distorted view of what sex and intimacy looks like. I have felt the deep angst of what a mixed identity in predominantly white spaces does to your self-esteem and understanding of human connection. The 200 pages of this book felt like crawling through a hall of mirrors on my hands and knees, all my greatest fears and insecurities warping and growing and being beamed right back at me.

The sheer depths of depravity this book sinks to makes you feel wholly foolish for every having sympathy for any of the point of view characters. It reminded me of when you make the fatal miscalculation of humoring a conversation with a stranger at a bar, and now you are being taken on a full retrospective of this person's greatest romantic failings and their most agonizingly bad political hot takes and wondering if the two might be interconnected as you watch your beer go flat.

The only saving grace is the sheer spectacle and extreme depravity these stories. it mercifully gives a point of separation between you and these parodies of people, but that aftertaste of ever having felt like them still hangs heavy in the mouth.

It's a nauseatingly good read. Despite its short length, I had to read it over the course of weeks instead of days because every paragraph had me wanting to rip myself out of my skin",reaction,
"Article: Land by Maggie O'Farrell is haunting tale set in post-famine Ireland about history, map-making and memory",news,
"Contrapposto, by Dave Eggers (ARC review)
I am not affiliated with the author or this book's publication. I'm just a reader with a NetGalley account who loved this book and wants to talk about it.

""Contrapposto"" is a hilarious Bilndungsroman following Robert ""Cricket"" Dib, a poor but talented artist from the American mid-west as he tries to build a career as a painter at the end of the 20th and beginning of the 21st century. Raised by a poor mother, Cricket invests early in his talent and learns to improve his skills by taking local affordable classes; here he masters the basics of drawing bodies in suppressed-motion--hence the reference to the visual arts term in the title. At school Cricket meets and becomes enamored with Olympia--a quirky young woman with an eye for beauty, impressive art knowledge, and scary determination to become a name in the arts. Olympia's and Cricket's life is often unpredictable and explosive, due to parents who seem incapable of making good financial decisions. However, Olympia has access to money and connections that Cricket does not, and this sets them off on completely different paths in life. Cricket has the talent, Olympia has the ideas. She comes in and out of Cricket's life with the subtlety of an atomic bomb--stirring up creativity, obliterating hopes, and ultimately failing to provide the peace she promised. The novel follows Cricket over approximately 60 years as he tries to go to college, tries to build a career as a painter, and tries to find meaning and peace in the claustrophobic art scene of the 1990s and beyond.

The novel is both heartfelt and incredibly funny and its further enhanced in my opinion by the addition of Eggers' own illustrations (all charcoal drawings referenced in the novel). It is also a scathing critique of the commodification of art under capitalism. While Cricket matures, he invites the reader to contemplate the meaning of art, and the tensions arising between artistic creation and the need to make a living. The novel is populated by mediocre artists praised for the transgressive creations. The most hilarious case is that of Kyle, a visual artist lacking any talent for drawing, sculpting or photography; yet he launches a global career by being honest about his lack of talent, while employing (i.e. intellectually exploiting) people who give him their ideas and work so that he can make millions in sales. And yet, there is a way forward for our talented artists. Cricket turns his mediocre life into an adventure and honest art, while the mediocre live dishonest but glamorous lives constantly chasing immortality through art. ""Contrapposto"" offers the reader a different tortured artist, one who manages to remain true to himself and doesn't succumb to the pressure of modernizing himself, or turning himself into a machine of invented meaning. By constantly returning to Cricket's pencil drawings, the novel seems to offer an invitation for the reader to also return to the basics: the beauty, the talent, the joy of creation.

I had some complaints about the novel: Olympia was a manic-pixie-dream-girl throughout the majority of the novel. The ending was also overly-sentimental. But I really appreciated the candid discussions about what makes art ""Art"" and felt drawn to these quirky characters trying to find meaning in their lives.

I give ""Contraposto"" 4.5 stars. If you're interested in reading it, the novel comes out on June 9th, 2026.",reaction,
"Assassins Apprentice - what am I missing?
This is one of those books that gets recommended so often that perhaps my expectations were unrealistically high going in. Even accounting for that, I can’t understand the hype at all! Considered one of the defining books of 90’s fantasy with some of the best character work in fantasy… I just didn’t see it?

Fitz felt so flat to me, always very even keeled, very calm and shy and quiet. Never really got a strong emotion from him at all, besides maybe extra mopey after he’s been influenced with the Skill. Speaking of the Skill, it felt like such a missed opportunity. The concept itself is interesting, but in practice much of it amounted to Fitz standing on a roof in the cold, getting bullied, for what felt like fifty pages. Would make the worst training montage ever!

His relationships didn’t do much for me either. Burrich, essentially his father figure for years, openly believes Fitz to be dim, and I could almost understand why. Fitz shows so little personality throughout the novel that there isn’t much evidence to challenge that assessment. His relationship with Molly was similarly one-note and underdeveloped. Oddly enough, the character dynamic I found most engaging was with Verity - their interactions, though limited, felt more genuine and interesting than most others in the book. He actually treated him as a nephew who he simply doesn’t have time for.

His relationship with his step-mam seemed thrown in and then forgotten about, without really progressing anything. The Fool and Chade could be interesting dynamics but again we learn very little about them and are shown very few sides to them, besides what can be gleaned from their quarters. Chade’s reliance on drugs at least added a bit of intrigue and colour. I understand this is just book one and I’m sure more will come from these characters, book looking at book one specifically I just didn’t find it interesting.

Plotwise, it was fine… Kind of a boring coming of age story of a neglected child. For a book called Assassin’s Apprentice there was very little actual training and / or missions as an assassin. Could just as easily have been called Horse Groomer’s Apprentice. The climax was weak compared to most other fantasy, again I’m not sure if this is part of the praise, that this is a somewhat realistic story but it was so boring!

Not knocking it for the sake of knocking it, am genuinely interested in what people find so great about this book? I understand that some books just don’t resonate with people and that’s fine, but hoping to learn something about how people appreciate stories that I don’t.

Again, I know it’s a book one and that a lot of these complaints could be addressed and characters etc. developed in further books, but just given that it is recommended so highly I thought this book in itself would be worth the hype.",reaction,
"What modern (1900->) books have created a new type of plot?
Most of the general story structures/plots are ancient or at least invented by some pre-modern writer like Shakespeare.

The only modern one that immediately comes to mind is Agatha Christie's And Then There Were None as its plot of an isolated group of characters getting killed one by one and the killer is one thought to be dead. The movie Scream is a good example of this plot type.

What I mean by a new type of plot is stories where you can change the details and call it a new story. Scream is a good example of this as it takes in a modern day American suburban house during a teens' party but the basic story of a killer picks up people one by one and turns out to be one of the supposed victims still alive.

I wonder what other books are retold in a different setting with different types of characters but follows the plot beats of the original work in a way that is not straight up obvious.",discussion,
"Tress of the Emerald Sea by Brandon Sanderson
I’ve been meaning to get into Sanderson for a while now. Hes is obviously one of the biggest names in fantasy right now, and honestly, I’ve felt a little guilty not having read anything by him. But every time I go to a bookstore and see an entire shelf dedicated to his work, I feel a bit overwhelmed and have no idea where to start.

Then I saw one of his Instagram reels where he recommended a few entry points for new readers, and Tress of the Emerald Sea was one of them, so I figured, why not?

Pretty quickly though, I realized this might not have been the best first Sanderson book. Even he’s said it’s not really representative of his usual style.

That said, the book itself was… fun. It gave me strong Princess Bride and A Harvest of Heart vibes, with a bit of cozy, whimsical charm. It’s wholesome, creative, and honestly feels like it would be a great read for younger audiences or anyone looking for something light and uplifting. You can absolutely tell Sanderson knows what he’s doing, his creativity and skill is undeniable.

But I think my expectations kind of worked against me here. I had just come off King Sorrow by Joe Hill, and maybe I was still riding that high. Compared to that, Tress just didn’t grab me the same way. I was expecting something more addictive, more intense, and instead got something softer and more playful.
So I ended up a little underwhelmed.

That said, I’m definitely not writing Sanderson off. If anything, this just made me more curious about his bigger, more “typical” works. I get the feeling those are going to be more my speed.

Final thoughts: Fun, charming, and creative. But not something I’d personally revisit. Probably not the best starting point if you’re looking to see what Sanderson really does at his peak.",reaction,
"Racism in late 18th and early 19th century gothic literature
Note: this is just my analysis/opinion.

When racial/ethnic minorities are major characters, they're pretty much always villains. I think Zofloya (1806) is a perfect example of the way racism tends to manifest in gothic literature. Zofloya is a dark-skinned (potentially black) Moor who turns out to be quite literally Satan. The moral stance is very clear.

Yet like many gothic novels, Zofloya romanticizes the very thing it rails against. Zofloya is portrayed as handsome, charming, and well-liked by everybody. I think the novel really captures the simultaneous perceptions of the Orient as sensual, tempting and mysterious vs. godless, savage, and immoral in 18-19th century Europe. Notably, Zofloya inverts the hierarchy of white master/POC servant and is the dominant partner in his interracial relationship.

These themes are mirrored in The Black Vampyre (1819), (absolute GARBAGE), wherein the titular character is a Haitian slave who kills his master, kidnaps his son, and enters an interracial marriage with his former master's wife. Like Zofloya, the black vampire is described as beautiful and regal, but also savage and monstrous. Ultimately the book's overarching message is pro-slavery, although it does condemn the mistreatment of slaves.

Vathek (1786) is unique in that all of the characters are POC. It reads like a kind of folktale so it follows (Beckford's incorrect perception of) Islamic morality rather than Christian morality. Again there’s this romantic orientalism where oriental societies are portrayed as alluring, fantastical, and irrational. The Manuscript Found in Saragossa (1805) also draws heavily on ideas of the orient as both immoral and sensual/enticing.

POC characters are also pretty frequently used as plot devices. In the vampire stories Clarimonde (1836) and Carmilla (doesn't fit the time period but anyway), the externally perfect and innocent vampires are juxtaposed with their black servants, described as ugly and demonic. This serves to tell the reader that the vampires are 1. of exotic and mysterious origin 2. evil. In The Monk (1796) a romani woman is similarly used as a harbinger of doom, although she's not malicious. The Monk also relied on The Wandering Jew myth.

This post is wayyy too long so I'll stop now.

TLDR: racism in 18th and early 19th century gothic lit was a lot more nuanced and complex than ""I hate X,"" and portrayed racial/ethnic as both alluring and exotic as well as inferior and immoral.

Side note: I was just arguing with someone over whether vampires could be black -- the first ever American vampire story (published in 1819) was about a black vampire!",discussion,
"Pet Sematary
After my first horrible experience with one of Stephen King’s most beloved novels(22.11.63), I never thought I would come to enjoy his writing this much. But after reading so many of his horror books now, I have to admit: he really is the king of horror.

Even his rambling and constant tangents have somehow become endearing to me. There’s a strange charm to his storytelling where you just flow along with the writing, completely losing track of time and page count.

This was another one of his books where I was genuinely on edge throughout, getting startled at the smallest sounds around me while reading. And when the big, dreadful events finally arrived, King absolutely justified all that buildup and fear. The sense of dread hanging over the entire story was incredibly well done.

Amazing concept, amazing story.

The only thing I really disliked was how much of the story gets spoiled far ahead of the actual events. Personally, that’s not how I would have preferred to experience this story. But then again, what do I know? King probably knows best.

Not just horror for scares, but horror rooted in grief, dread, and inevitability. Probably one of King’s most haunting books.",reaction,
"I loved No Man's Land by Richard Morgan (grimdark set in alternate post-WWI Britain overrun by Fae)
This book is fantastic, and I highly recommend it. I read it in two sittings.

The book takes place after WW1, and the main character is a scarred/broken soldier who now specializes in recovering children that the Fae still take from mothers. The story expands from there. It is dark and violent, set in a fantastic world.

It's like the Brothers Grimm, but like the original German texts, the incredibly dark and violent parts. If you like Dresden or Rivers of London, I think you will dig it.

Worth a look!

Anyone else read it? Or Altered Carbon?",reaction,
"When the author is a jackass
How often do you encounter a book you enjoy, but the author gets in the way? I’m referring mostly to pompous types, rather than something like Neil Gaiman, but I guess that counts too.

I’m reading The History of Philosophy by AC Grayling, and for the most part, it’s incredibly informative. But every once in a while, Grayling gets into a groove I can only call “Reddit atheist” where he breaks up the narrative to disparage religion. Which is really weird from a philosophy scholar.

The most egregious example comes in discussing Gottfried Leibniz, where Grayling pivots from biography to lamenting that such a brilliant mind wasted time discussing religion and deity, “devoting time and great mental powers to this unavailing ambition that might have been more fruitfully employed on other things.” And this is just so…whiny? In one breath, to declare that this person was so intelligent and influential, and then to devote a paragraph complaining he didn’t talk about what you wanted him to.

It also rings of personal bias creeping into anti-intellectualism. The vast majority if not all of philosophers concerned themselves with questions of religion and deity, and to consider any time spent on it by an eminent mind to be unfruitful says that you’ve made up your mind and don’t want to hear further thought. For a writer who spent nearly 600 pages praising people for questioning accepted beliefs and pursuing truth, saying “We’re done here,” is just bizarre.

Even stranger since it’s the only set of beliefs that are treated with contempt. Alchemy and occultism were frequent fixations of these same people, but Grayling doesn’t stop to personally remark on someone thinking they can turn lead into gold.

If you want to engage with philosophy but are antagonistic to differing opinions and beliefs, then you don’t really care about truth. You’re in this to be proven right. For people like that, it’s more about winning an argument than any meaningful progress.",discussion,
"I'm disappointed by London Falling written by Patrick Radden Keefe
Let me start off by saying- he is a terrific writer. Gripping prose and I listened to the audiobook which he narrates in stellar form as well. I'm a massive fan of his previous book- Empire of Pain which is what made me want to pick this one up.

It's the actual contents of the book that I find... lukewarm? I know this is a long form article and I honestly I could have read the article and walked away with the same feelings and takeaways.

I wonder why he chose this particular story. It felt like any other true crime book ; not that true crime is bad but from Keefe I was expecting a larger narrative- either about the Russian network or a deeper dive into London's underground- where that is the main story. The first half where he paints a picture of London was beautiful - making me see the city beyond its Victorian beauty.

But after he gets into the details of Indian Dave's past and run ins with the law, he loses me. Probably because I am not interested in the lives of 1-2 gang members or cons. Especially in such excruciating detail. They were bad people doing shady things- why do we need so many standalone chapters on the details of their past? It didn't seem anything... special. I wish he'd used the case as a conduit to explore London more than he did the individual characters.

In comparison, the book The Spy and the Traitor uses the story of one spy to explore the larger machinations or the MI6 and KGB - the author tells the story two large organisations while keeping one protagonist at the epicentre . It's such a fantastic and fascinating account. I was expecting something along those lines, I reckon.

Also, I knew going in that this is not a solved crime or he's not setting out to find the smoking gun- so I never had that expectation which hence could not have marred my experience.

What did you guys think?",reaction,
"The Lies They Told - Ellen Marie Wiseman - Dark History historical Fiction
As the title states, Just finished The Lies They Told by Ellen Marie Wiseman.

I have always been interested in dark history but I am today years old when I learned the part America had to play in eugenics and ultimately the mass genocides globally in the early 19th century. The book was amazingly written and put me in a space in time I had no idea existed.

Who else read this book? What do you think?

Personally I am shook and need to talk about it!",reaction,
"Etiquette for reaching out to authors?
Apologies if this is the wrong subreddit, if anyone has a better one let me know.

Anyways, I was reading a book and I think I know the exact building that might’ve inspired the one in the book. Like its history, surroundings, layout, all of it are just about spot on. Unfortunately, I’m the only one who’s made this connection so far and it’s not mentioned in any articles I can find. I have no idea if I’m right or not so it’s driving me mad.

The author in question isn’t well known. Or, well, he’s not well known for his books. He’s considered well known for his writing in other media formats though, and is a bit of a micro-celebrity in certain corners of the internet. Point is, he gets a lot of fan mail. Probably not about this book, especially now that it’s 5 years past publication, but regardless.

I’ve sent him a message on tumblr, but I’m not hopeful for a response. His asks are open and you are free to send them, but he hasn’t answered one in a long time. Not to mention, he has one other book coming out soon and his other work that is currently coming out which probably is leading to an increase of asks.

Is it rude if I sent him the question on his website? He has a contact box but I’m not sure of the etiquette on this. It’s driving me insane, but I’d hate to be rude.

TLDR: I think I’ve connected a building IRL to being inspiration for a building in a book. Would it be rude to ask the author through his contact page on his website?

EDIT: sent the message through his website, thank you all, I know it was a pretty silly question.

To those concerned, no I will not be sending multiple messages or finding his private information. Also I’m aware he probably won’t respond and most definitely still won’t ever see it, I don’t mind that.",discussion,
"The ending of 'The Land in Winter' by Andrew Miller
Don't read this post if you haven't read the book. It's good. I recommend it and I wouldn't want to ruin it for anyone.

----------------------------------

What was that? I'm in shock. That ending hit me really hard. I wish Andrew Miller didn't write that bathroom scene with Irene and the baby so well. That felt too real. What?

I'm a 34-year-old single man with no children and I will no longer remain unaffected when someone mentions miscarriages. That's what it was, right? A miscarriage? Rita said she didn't take anything.

Also, why the hallucination with the flying saucer in the end? Did she die or was she just knocked out? I'm a bit confused. What do you think happened, exactly?

Edit: Just remembered that Rita had schizophrenia, which would explain the hallucination.",reaction,
"Review: “The Eyes Are the Best Part” by Monika Kim
“The Eyes Are the Best Part” by Monika Kim started pretty interesting. The cover alone intrigued me as I am an avid horror reader. This is her first novel, and I was excited to see what would await. Unfortunately, this left much to be desired for what I look for in a typical horror novel.

Before I jump into my review, here are all the trigger warnings I found while reading…

- Cannibalism
- Stalking
- Sexism
- Racism
- PTSD (war)
- Infidelity
- Food insecurity

If any of these trigger you, please do not read this novel. Moving along, this novel felt like a slow burn at first. I hoped it would deliver once things got scarier and to the horror parts, but it just took way too long to get there. It never came as quickly as I wanted, and ultimately, I wanted way more horror.

It’s an okay story, and I appreciated the whole family dynamic about what happens when your parents have marital issues, but this was too heavy on the story and not enough on the horror. The scary parts were very well written, which is a shame since I wish more of that had happened to redeem this novel. I credit Kim for a refreshing new take on ""eye horror"" because I have never read such disgusting, creepy, and insane takes on eyeballs. These parts were fantastic, but got lost in endless dialogue, dreams, texting, and other things that messed up the overall pacing.

I also didn’t connect with a single character. I felt that the character development needed improvement in the grand scheme of things. Several times, things got boring while waiting for something to happen. The dream sequences also got confusing and felt out of place. This would have been significantly better if this were a more straightforward story that got right to it, grabbed you, and never let you go. Instead, it’s a few decent horror parts here and there, too much dialogue, and too much family stuff.

The novel didn’t get good until the last 30%, which frustrated me because I hoped for a huge payoff or an insane plot twist at the end. Nope, just more of the same, straight to the ending, which was lackluster and predictable. I saw it coming a mile away, and it just left me feeling like this needed more time to be refined and polished to deliver a better horror story, with eye horror as the main focus, bringing it all together for a memorable read.

I give “The Eyes Are the Best Part” by Monika Kim a 2/5 for having a creative spin on taking eye horror to a whole new level I’ve never read before. This novel needed to be much scarier, have better character development so readers could be invested in the main characters and the protagonist, and include more backstory as parts of the story unraveled. The pacing is bad, and many parts feel out of place. It gets good, then it fizzles out. A scary part finally happens, and we go back to endless dialogue, texting, or repeating things the reader already knows happened. This was mostly a dud, since the horror needed to be amped up big time.",reaction,
"Thoughts on The Iron Druid series
Now that I have finished the main Iron Druid series, I wanted to share my thoughts. There may be spoilers, so read past here at your own risk. I don’t need any recommendations, I have plenty of other books to get through.

So, I finished Scourged yesterday. I enjoyed the journey Atticus was on through the story, even if I don’t like him as a character. I feel like for all the grief he gave his partner about being single-focused on her step father, he did a lot of thoughtless and foolhardy shit without once cons anyone else. I can get behind him doing what he thought was right for the greater good. But I feel like most of the series was just a set of I.O.U.’s that wound up screwing everyone over. Except the deity he was indebted to.

I think the only people who got what they wanted from associating with Atticus without much blow back were Malina and her coven, Laksha - since she chose to sacrifice herself for her own karmic goals, and the Tyromancer. I am glad that the air on Druid ended with him losing his tattoos, I do think that he was too irresponsible to deserve those powers.

There were a handful of characters I enjoyed seeing. The Morrigan was my favorite and i was so annoyed she didn’t live through the whole series. Oberon, Orlaith, and Starbuck because who would enjoy dogs? Owen was a great character, and I like how his edges softened over time. He didn’t mind helping Atticus, but he wasn’t going to stick his neck out for him, and I appreciate that about his character. Mrs. MacDonagh (sp?) - cute harmless old Irish woman. What’s not to like? Malina and her new coven. I like how they’re open to helping, but definitely not from the good of their hearts - I think that’s the best way to deal with a character like Atticus; make sure you are guaranteed something from him.

Overall it wasn’t a bad series, I enjoyed seeing the different pantheons and how their characters were portrayed. The books are also fairly short and outside of pronunciation are all easy to get through.",reaction,
"Reading exclusively on phone
I've been a long time kindle user for digital books. At least 13 years or so now I think. But the last year or so I've been so busy, so it's been hard to read.

For the little bit I've actually read, I only read on my phone. Turned out to be the only way I could read. I tried a couple times bringing my kindle with me around, but I actually ended up not using it. I used to hate reading on the phone. Now reading on the kindle makes me feel annoyed somehow, even in bed, my preferred place to read.

I don't know if there's been a shift in our brains as a result of using smartphones so long, but has anyone else noticed switching exclusively to phone reading? Like has it somehow become an extension of ourselves or something crazy like that?


",discussion,
"When she didn’t grow up seeing herself in books, she became the librarian she never had https://19thnews.org/2026/05/revolutionary-america-250-black-women-resilience/",news,
"Bury Our Bones in the Midnight Soil - V.E. Schwab 2025
Bury our bones in the midnight soil was unbearably tedious and disappointing. (major spoilers ahead. Some mention of Piranesi by Suzanne Clark for comparison) 

I just finished reading this book because it was recommended on good reads and my god what a disappointment. It’s pretty rare that I leave a review for anything but I needed to share my thoughts. 

More than half the book is dedicated to Sabine (Formerly Mariah) who is a vile, detestable monster with absolutely ZERO redeeming qualities other than ‘she’s hot’ (wow look at her red hair, isn’t it so cool. Omg her voice is so sexy). Honestly if I didn’t know this book was written by a woman, I might have assumed it was written by a man with how much attention is given to her sensuality and attractiveness rather than her humanity, of which she has none; just a selfish beast manipulating, murdering and cannibalising innocent people for the sport of it. It’s not like she starts off as a caring person and turns cold and selfish after becoming a vampire. From the start she never cared about anyone other than herself. Now you might say, well her family weren’t all that kind to her and her husband/in-laws were legitimately abusive. Sure. But then what happens when she kills the original Sabine, someone who she ostensibly was falling for? She feels nothing. No remorse, no regret just moves on to the next kill. Lotte felt remorse after her first kill as did Alice. All of this would be somewhat forgivable if not for two things. 1 she is unbearably boring and one dimensional. 2 the narrative never seems to share the same contempt for her that I think she deserves. Sabine reads less like a grotesque villain and more like a cringe-worthy power fantasy. Consequence-free cruelty presented as strength, a relatively peaceful and fulfilling life that lasts for centuries and ultimately a pretty lame, unsatisfying death. Imagine if death note ended with Light Yagami living till he was like 90yrs old after having murdered countless people. Then he just dies of a heart attack or something. Or if Jeoffrey Baratheon lives as king for decades, tormenting everyone around him, then at the ripe old age of 95 he falls off his horse and dies. That’s what Sabine’s death felt like to me. She actually reminds me of those incel power fantasy mangas/animes where Protag A gets bullied at school, gains some superpower and finally gets to punish all the Chads and Stacys who bullied him. Or gets isekaid and gets to live out his days where all the girls fall in love with him and all the guys are jealous of him. Everyone around him existing only to validate or oppose him. There’s an adolescent solipsism to the way these types of characters are written and that's exactly how Sabine comes across. 

None of the other characters are even remotely interesting to me. They are all depressing, self-centred sociopaths. Again, this isn’t simply because they are vampires (aside from the sociopathy). At no point in any of their stories do they do a single thing that isn’t totally self-serving. Of course, I'm not saying they have to be altruistic saints for me to like them but to go from ‘self-centred loser’ to cannibalistic mass-murderer doesn’t leave me feeling empathetic towards them. The main problem with them as with Sabine is that they are tediously one-note. Alice's flashbacks are an especially gruelling read. This might be a personal preference for me, but I generally don’t like flashbacks in storytelling. More often than not, they detract from the plot rather than further it and that’s exactly what happens here.  

The book is waaaayyyyyy too damn long. It might have been more bearable if it was cut by at least 1/3. 

It’s fine to have detestable characters in a story but then I want some genuinely good characters to counterbalance that. Or at the very least some karmic retribution for the bad characters. Preferably both. Also, I'm not someone who needs a heavily plot driven narrative to enjoy a story. Piranesi by Susanna Clark has a fairly simple plot but the character of Piranesi is so loveable I can’t help but become deeply invested in every little thing he does. Something as simple as watching the tides come in, or the particular way he marks the passage of time, or the little stories he invents for the statues, or just the way he describes his awe of the house. It all works to create a sense of companionship with him, something that is sorely missing for any of the characters in BOBITMS. ",reaction,
"Robert Daley, Author Of 'Prince Of The City', Dies At 96 https://www.timesnownews.com/lifestyle/books/robert-daley-author-of-prince-of-the-city-dies-at-96-article-154406374
",news,
"‘The real deal’: Alberta author’s new book tells story of Jeremy Hansen, Artemis II https://www.ctvnews.ca/edmonton/alberta-primetime/article/the-real-deal-alberta-authors-new-book-tells-story-of-jeremy-hansen-artemis-ii/",news,
"The Language of Liars, by S. L. Huang: a discussion on Colonialism, Translation, and the Lies we tell ourselves
I recently finished this book and I cannot stop thinking about it. Hard Sci-Fi is not my usual read, but I don't avoid it either. From the first few pages, I knew I was in deep waters; the author dunked me into an alien world with few explanations, and initially I felt myself drowning--little did I know that I can learn to breathe water.

The protagonist of our story is Ro: a mammalian-like creature from a small moon called Orro. His species is endowed with exceptional empathic abilities, and he's also a very promising training linguist. Those two abilities make Ro a prime candidate for jumping: the ability to abandon one's body and permanently inhabit the body and mind of another species. The species Orro is most interested in are the Star Eaters, which are peaceful space-squids and the only ones able to sense and mine a precious element called Meridian (to me it sounded like a form of Dark Matter) that powers the entire galactic society. Following a devastating War of Dissolution, the many (and very diverse) galactic species have reached a truce, and the work-obsessed Star Eaters have agreed to continuously harvest Meridian for everyone, and distribute it equally. The problem is, the long-lived Star Eaters have started to die off; their asexual reproduction has stopped and nobody knows why. With a potential collapse of the galactic civilization looming, Ro is under increased pressure to understand the language of the Star Eaters to perfection so that he can jump into one of their bodies and covertly figure out how they reproduce and find Meridian. The problem is, nobody has jumped in generations. Until, of course, Ro does. What he finds is more confusing than he expected. Not only does he quickly realize his knowledge of the Star Eater language may have been missing important grammar rules, but their culture seems non-sensical now that he embodies one. Nobody will give him a straight answers. The benevolent overseers who make sure the Meridian is collected on schedule and equally distributed are way more tyrannical than he's been promised. And everybody works themselves placidly to a far-away death, without dreams or ambitions. Ro wants to understand the language and elucidate the culture better. But he needs to keep his small moon in mind. Should he discard his linguistic pursuits in favor of the economic task at hand? Is it bad to steal when everyone else is doing it too? And what exactly are we stealing?

The opacity of the first part of this novella may be a bit off-putting to some, but I'm pretty sure it was part of the design. As a multi-lingual speaker I found myself comparing the early chapters with the process of finally immersing into a culture you've been studying from afar. No matter how much you think you know, the first time you're dunked into the native culture you will discover you don't get everything. You know enough to move around, but key components keep bouncing off you. Equally, the author gives the reader just enough information to establish several points of contact with a concept; but just when you're trying to grasp it, it slips away. The chapters become clearer as you read, similar to how you quickly adapt to a new language/culture. But then the revelations start to hit. You quickly realize the lessons you've been taught were incomplete. Sometimes incorrect. And other times out-right lies.

The revelations in the novella are heartbreaking, but not impossible to guess. There are clues early in the story, even though you may not want to let them sink in (also the story was quite gripping and didn't want to pause). I also believe ""Babel"" by R.F. Kuang covered similar topics--of colonialism and translation. However I never finished ""Babel"" because I found the messaging to be too in-your-face and I prefer to have to work for my reading. Boy did I work for this novella, but the workout felt good.

I loved ""The Language of Liars"" for the way it interrogated how history and translation are weaponized to maintain exploitation. And I loved how it made me feel complicit in the machinery. The story puts up a mirror to our faces and reveals how well-intended people (intellectuals are not immune) can willingly turn themselves into hamsters on a 'wheel of progress'--until they become exhausted and morally corrupt. The crushing conclusion leaves a bit of room for hope as well. If other people have read this, I would love to have spoiler discussions in the comments.

Happy reading.",reaction,
"Small Country by Gael Faye
This memoir set primarily in Burundi was originally published in French in 2016, then translated to English and published in 2019. I read the English version. It's set in the 1990s covering the timeframe of the neighboring Rwandan genocide.

I liked the book overall because it was personal and historical so I learned a lot by reading this compelling story. I thought it ended somewhat abruptly but that didn't ruin it for me.

I'm wondering what others thought and if anyone has read it in French and English. I thought the English translation was quite natural.

Reading a book with this content was a refreshing break from my typical fiction and I would recommend it for anyone looking for something different. Just know that it's heavy-hearted.",reaction,
"Where are the most unexpected places you’ve found your favorite authors?
I have been reading about the history of nuclear weapons for about a decade. Some of the books I enjoyed most were by the author Richard Rhodes. He wrote two very informative books first about the U.S. atomic program then the Soviet program. I liked his style and wealth of knowledge so much I picked up his book, Forbidden Feasts, and enjoyed that just as much. Anyway, a few years ago I started a bookstore. I’ve processed about 30,000 books so far. This morning I was working on a stack of affordable Time Life books from the 1970’s. Stuff most homes of the era had on the family bookshelf. About halfway through one of the unending processions of boxes of books I came across, The Ozarks - The American Wilderness/Time Life Books. I read the first several pages and could immediately tell it was him.

Do any of you have experience randomly finding your favorite authors in unexpected places?",discussion,
"Black Leopard, Red Wolf by Marlon James
Black Leopard, Red Wolf is about a tracker, named Tracker, who is hired to join a gang of supernatural misfits to rescue a boy.

Well, that's not true. That's the plot, but not what the book is about. The book is about a lot of things but mainly it's about Tracker's unhappiness.

The narrator, Tracker, is a man with a supernatural sense of smell. He works as a tracker- people pay him to track down missing people. Not all who hire him are good people. He is very familiar with the criminal, violent, exploitative, and dark side of society. He is filled with rage, regret, and sorrow... and more rage. The book tells you in the very beginning that Tracker is an unreliable narrator and if you keep that in mind as you're reading, the whole ""this doesn't really make sense"" vibe makes more sense. How you feel about the book and the world created will probably depend on how much you trust Marlon James to write an unreliable narrator.

For example, characters just kind of come and go with little to no explanation. Alliances and loyalty flip on a dime. One moment they're ride or die for each other, the next time they meet it's kill on sight and you're just like... why...? The pacing is uneven. Character motivations for some heinous/serious acts and decisions are either nonexistent or paper thin. Things and events that you think deserve more attention are just kind of glossed over, and things that should be glossed over are indulged. Major character developments are mentioned with no introduction or backstory to the point where it's like, ""Wait, you can XYZ now? Since when?"" and you're flipping back like ""When did this happen and how did I miss it?""

If it all sounds like a mess, it is a mess, but a very beautiful, well written, emotional mess. But who's the messy story teller? Is it James or did James write a brilliantly accurate messy story teller. If you've ever listened to a story from an emotionally charged person recounting how the world did them so dirty, you know what that's like, and that's what this book is like. Any criticism one might have of the writing (and there are several valid ones) can be attributed to James writing a masterful unreliable narrator. Your mileage will vary based on if you think that sounds like a cheap excuse or if that sounds exciting because you can look for clues to figure out what really happened.

Personally, I lean towards James just writing a fantastic unreliable narrator, especially since this book is a set up for the sequel, which I understand to be the same story but from a different character's POV. The world presented is so ultra violent and cruel but you see slight hints, just casual mentions of things, that leads you to think that the negative aspects might be exaggerated and maybe Tracker sees bad everywhere because he's only looking for the bad. Like all he smells is shit, piss, sweat, vomit, and rot because that's all he's smelling for. We've all been in the throws of ""THE WORLD IS SO FUCKING STUPID!!!"" rant where everyone is just the absolute worst... except yourself, of course. But then the opposite can be true where the few bright spots maybe have been exaggerated as well, and that's also a bummer. (MAYBE SPOILERS FOR THE SEQUEL!!!) I made the mistake of hanging around the r/darkstartil after reading and I read some inside jokes about the buffalo... Is he not real? Dang, he was my favorite character!.

This book is a dense, tough read that took me awhile to get through, with breaks taken in between. I know I missed a lot, some that are probably very obvious. So, any and all thoughts and observations are appreciated.

Finally, a question about the omoluzu, especially if you've read the sequel:",reaction,
"November 1916
This is a great book. I highly recommend.

This is the second book in Solzhenitsyn’s Red Wheel Series. I described in detail the atmosphere necessary for the Russian Romanov dynasty to fall and become the Soviet Union. This volume introduces Vladimir Lenin. My understanding is he is covered more thoroughly in the third volume which is supposed to be the best of four. I am almost done with this brick and look forward to moving to the next volume. November 1916 can be a slow dense read at times. When you get to one of the “screen” chapters that is so packed with information that it seems overwhelming, realize that is exactly what Solzhenitsyn wants you to feel. Those chapters echo the confusion and overload that was going on in Russian society at the time.",reaction,
"What book had you underlining/annotating the most passages?
I recently read Faces in the Water, by Janet Frame, and every other page had some beautiful heartbreaking passage I wanted to underline and come back to later. It was a library book, so I didn't, but I'm considering getting my own copy to re-read and annotate. It's a fictionalised account of Frame's real-life experiences in Seacliff Lunatic Asylum during the 1940s. The whole book is swept along in a feeling of helplessness and loss in captivating language. Here are a couple that really stuck with me:

""I did not know my own identity. I was burgled of body and hung in the sky like a woman of straw.""

""There is no past or future. Using tenses to divide time is like making chalk marks on water.""

""And the days passed, packing and piling themselves together like sheets of absorbent material, deadening the sound of our lives, even to ourselves, so that perhaps if a tomorrow ever came it would not hear us; its new days would bury us, in its own name; we would be like people entombed when the rescuers, walking about in the dark waving lanterns and calling to us, eventually give up because no one answers them; sometimes they dig and find the victims dead.""

What book had you scribbling in the margins and underlining passages and copying out quotes to come back to later?",discussion,
"The Flame in the Mist by Kit Grindstaff
I finished reading that book today.  I saw it recommended on goodreads and I prefer to listen to audiobooks.  However, it wasn't on Audible so I opted to buy the audiobook CDs myself and rip them.  It is a very unique and underrated story.  Every character had a defined role to play, the world building was deep and leaves you wanting more, and the hero's journey that Jemma goes through is atypical but very well deserved.  It is a strong stand alone story though I feel like there are many more stories to tell in that world and it deserves to be adapted via live action or animation.  It's a solid story with the appropriate progression with the right amount of revelations and expositions provided at the right moments.  I only wish she wrote more books.  She is very talented and imaginative",reaction,
"What's the last book you read that was so bad that it made you angry?
I read The Rebel and the Final Blood War by K.A. Linde and I just hated everything about it! I don't know if the other two books in the series were this atrociously written and I somehow overlooked it, or if this was ghostwritten by a middle schooler. The author has no concept of sentence structure, and every other sentence is a partial/incomplete thing like ""A woman who had delivered a death sentence with a candy bar.""

This is an actual paragraph in the book:

""Reyna's eyes darted to her friends. Meghan and Jodie gave her an encouraging nod. Gabe winked. Tye smiled. They were all counting on her.""

The ending was rushed and unsatisfying too. Spoiler: the villain of this whole trilogy gets de-vamped (turned back into a human) and just decides to stab himself to death immediately. This deus ex machina occurs on page 307 of the 320-page book.

What have you read recently that made you genuinely angry like this?",discussion,
"We Have Always Lived in the Castle blew me away
I developed aphantasia in my late teens and was devastated that I couldn’t read books anymore in the way I used to. I was always a kid who had her nose in a book as I had undiagnosed adhd and a very abusive home life. I used to get grounded for reading too much. I also have agoraphobia due to, well, reasons.

I didn’t read for years, I kept trying and nothing stuck and I would just get frustrated and give up and go back to watching tv or playing video games.

Well, holy shit. This book just struck me from almost the get go. The way she describes Constance hiding when the door is knocked at, the way she shrinks when people are walking around the house and looking into windows, I had to keep rereading those passages because I couldn’t believe how well I related to what she was writing. And then I read that Shirley Jackson herself had agoraphobia and it all made sense.

i asked my boyfriend to read it as well and he was just like, yeah. It‘s fine. He didn‘t relate to any of it like I did and I waffled at him for half an hour about what I found so moving and he said he hadn’t ever read a book that moved him like that. I mean, I’m 36 and the only other book I found that moved me like that was the Harry Potter one where Sirius Black dies and Harry was broken. He thought he had finally been rescued from his abusive life and it was ripped away from him

Anyway, just wanted to tell someone, I guess. I really liked this book.",reaction,
Could you spot an AI-written book? An author set up an experiment to find out.,news,
International Booker Prize tomorrow https://www.theguardian.com/books/2026/may/17/what-should-win-this-years-international-booker,news,
"Did you ever fall in love with a book character? How did that go for you?
I remember my daughter crying over Great Expectations- she was 11 at the time.

(I remember her age, because I remember telling that later to a new school in small town Canada where we rocked up, who put her randomly in an ESL class because her name wasn't white- anyway that's a different story)

I was like - why are you crying? And she sobbed that she loved Pip and why was there no-one like him, and she wanted to marry Pip.

I loved Bilbo Baggins- I didn't want to marry him - he's obviously not marriage material, but I loved him very much and wanted desperately no harm to come him.

I also ""fell in love"" with Hamlet when ""doing Shakespeare"" at high school. I was shocked by his death, I hated how useless Ophelia was (yes, that was me as a teenager), and I wished so much I could be at that bloody court in Denmark and save him. I also loved Horatio, but not the same way I loved Hamlet.

I loved Emma from Jane Austen, and also Anne from Persuasion, and I would have married either of them in a heartbeat, if I could. I still would. I never really got that much into Elizabeth Bennet- she always seemed rather exhausting- all that witty banter! And running around in fresh air! But I definitely had moments where I aspired to be like her- and indeed, where I secretly thought I was like her. Lol.

I loved David, the biblical narrator in ""God Knows"", by Jospeh Heller. So funny, so gorgeous, so smart. I learned so much from him too.

Obviously I loved Sebastian in Brideshead Revisited, and I just wanted to reach out into his world and be with him. I would have gladly traded places with Kurt.

Flaubert said he was in love with poor Emma Bovary. I read Madame Bovary, and didn't quite get the appeal, myself, but it might have been the translation.

Who are your literary creations you fell in love with? And what was it like?",discussion,
"Toddler Parents - A Question About Brown Bear by Eric Carle
Help settle this debate! Do you think the narrative shifts to the real world when it asks what the Goldfish sees? Like, is the Goldfish in the classroom with the Teacher and Kids? Or is the Goldfish in the book within the book that the teacher is reading to the kids? Argument to be made for point 1 is that the Goldfish doesn't follow the pattern of unusual animal colors and it's just ""goldfish"" not, ""gold goldfish"". Thoughts on this very important question?",discussion,
"The Orthe Duology by Mary Gentle
I'm not often moved to review books I've read, however Mary Gentle seems to be the exception. I previously read Ash: A Secret History, by her and was moved to write at length about it here. Based on my unreserved love for that book I decided to try the rest of her oeuvre. Unfortunately in rural Canada that is a tall order. The first other book of hers I could locate was Ancient Light, which it turns out is the sequel to Golden Witchbreed, which in turn is Gentle's debut novel. The two are inseparable and so I shall talk about them together.

Golden Witchbreed starts out as a standard planetary romance, but as it goes on you come to learn what the real purpose of the novel is; rather than another story of a young woman having rip roaring space adventures a la Star Wars it's actually an elaborate thought experiment. This novel is a science fiction novel masquerading as a fantasy novel masquerading as a science fiction novel. Golden Witchbreed exists to explore what a society with influences truly alien to our own would look like. A few of the major differences are as follows:

The aliens are neuters until their puberty begins.

The alien mothers cannot produce milk until a couple months after giving birth.

The aliens can remember snippets of the lives of their direct ancestors, including millenia of servitude under the Anunnaki-like race that created them.

Gentle likes to escalate things quickly.

Our protagonist is the 28 year Lynne Christie, a middle class British woman in the equivalent of the Foreign Office trained to conduct First Contacts. Admittedly there is a whiff of Ash about her, for those who have read that novel. She's a charismatic figure, but not ultimately important to the thrust of the novel. As I mentioned above her adventures are simply an excuse to flesh out this world and poke and prod at the implications of the premises previously mentioned.

Gentle goes to great length to explore the psychology of these aliens and also how the protagonist struggles to remember how different they are while being overwhelmed by how similar they are, too. This is contrasted with the incomprehensible alienness of the Anunnaki-like Golden Witchbreed forerunners whomst the reader is treated to glimpses of throughout, but only glimpses. As I mention below Gentle is a master of showing you just enough and never too much. In this she reminds me of Steven Erikson.

As the world is in a sort of voluntary technological stasis the specter of colonialism does hang over the novel and the apprehensions of the cast with respect to that unspoken risk form the lions share of the plot of the novel.

But colonialism doesn't really become a forefront consideration until one arrives at Ancient Light, the sequel. In this sequel our protagonist returns a decade older and this time she is working on behalf of a ""multicorporate,"" a company stated to have a revenue orders of magnitude greater than the GDP of the UK or it's successor. Gentle loves to drop lore and refuse to elaborate on it. There is exactly one throwaway reference to the ""USSA"" and the acronym is never expanded. In this novel the multicorporate has decided to investigate the planet in the hopes of finding relics of technology from the lost Anunnaki race that could be valuable. They open ""trade and aid"" stations across the world and begin a mostly unexamined process of unleashing modern technology on the world. Concurrently an ethnic group, for lack of a better term, living on the periphery of the world has grown sick of living on said periphery and has elected instead to invade the lands depicted in the first novel. This invasion and the responsibilities of the humans present to quell/address/what-have-you this invasion form the bulk of the plot of the novel. Considering the novel was written in the 80s the number of parallels to the dissolution of Yugoslavia I noticed was incredible. Anyway, the point is things spiral and the novel is a sober examination of imperialism.

To wrap up I found the first novel an adequate planetary romance exploring and interesting idea. I felt the same about the second until the conclusion, which I found audacious and feel retroactively elevated the entire two preceding novels.",reaction,
"What happened to a table of contents page?
Basically the title. Almost every physical book I have read in the past couple years does not have a table of contents page with chapters listed. I do read mostly fiction, is that why? Do I have false memories of books having tables of contents from childhood? Is that something that only happens in children's books? When I read ebooks a table of contents is normally upfront as linked pages. Is it just publishers trying to lessen pages printed to save a few bucks?

Neither complaining or celebrating the trend, just wondering...what happened?",discussion,
"IYO, is there a difference between DNF and deciding a book is not for you?
Ill speak from personal belief, because I don't know a better way to explain. Whenever I pick up a new book (physical, electronic, or audio) I gave myself between 3 - 6 chapters to decide if I like it. If during that stretch I am not engaged or interested I move on. But I do not consider this not finishing a book. I think about it more like watching episode one of a TV show. Ive barely started, just enough to know I won't enjoy it. To me actually not finishing a book comes when I have invested and then actively decide to stop engaging with the story. Its rare for me to engage in a story and then suddenly not want to finish that story.

Thoughts? Do you have an exit ramp for books, and if so when? When is your point of claiming not fininshed vs not interested?",discussion,
"Book non-negotiables?
I sort of have a collection of books going. Who among us doesn’t, amirite? Anyway, It’s pretty modest but, as books do, it takes up a fair amount of space. I began to wonder, if I didn’t have the space for this and had to downsize, which book or books could I not do without? The one that comes up for me first is the Autobiography of Malcolm X. I’m not even sure if I would categorize it as my favorite book. Favorite non-fiction for sure but favorite overall, I couldn’t say. Regardless, I simply would never be able to part with it. It has been monumental in all phases in my life and it’s one of the few books that I thinks any and every should read for its message, for its writing style, for the history etc. etc. Have you read it, what’s your opinion?

I’m curious about others’ non-negotiable books?",discussion,
Why this tiny bookstore is becoming one of LA’s most perfect Sunday hangs https://laist.com/news/why-this-tiny-bookstore-is-becoming-one-of-las-most-perfect-sunday-hangs,news,
‘Ghost Nation' recounts Taiwanese history from contemporary perspective https://www.taiwannews.com.tw/news/6295901,news,
"Read This To Look Cool' Review: A fantastic humorous essay collection
It's a debut essay collection from Maeve Dunigan: a satirist with New Yorker and McSweeney's writing. I adored it so much!

The book is collection focused on anxieties, spite, and generally existing. It's closest to Little Weirds by Jenny Slate and I Might Regret This by Abbi Jacobson.

There's a fantastic essay on participating in a unspoken competition with all other women that I've had rattling amid my noggin since reading it.

""You see, I wholeheartedly consider myself to be in an ongoing, ruthless competition with every woman on earth, and I’m going to win. I’m going to be the Best Woman.""

In the piece, Dunigan feels like she's fighting all women in existence for opportunities. I've often felt in competition with others, like when a similarly aged peer gets a high paying promotion well-before I do. I wouldn't openly admit such a feeling in real life. Being unpromptedly adversarial feels taboo, making Dunigan's essay all the more cathartic to read.

Dunigan's bristles with the world feel like she's learning to come into her own emotions. It's almost like a coming of age story told through essays.

Has anyone else read it?",reaction,
"The Guardian's 100 best novels of all time - Middlemarch, Beloved, Ulysses top the list https://www.theguardian.com/books/series/100-best-novels",news,
"Tennessee school system has banned ‘Roots’, as thousands of other books face similar conservative challenges https://www.yahoo.com/news/articles/tennessee-school-system-bans-roots-145549693.html",news,
"Banned Books Discussion: May, 2026
Welcome readers,

Over the last several weeks/months we've all seen an uptick in articles about schools/towns/states banning books from classrooms and libraries. Obviously, this is an important subject that many of us feel passionate about but unfortunately it has a tendency to come in waves and drown out any other discussion. We obviously don't want to ban this discussion but we also want to allow other posts some air to breathe. In order to accomplish this, we're going to post a discussion thread every month to allow users to post articles and discuss them. In addition, our friends at r/bannedbooks would love for you to check out their sub and discuss banned books there as well.",discussion,
"New Biography of Ethel Kennedy, Written by Her Daughter Kerry, to Debut This Fall https://www.townandcountrymag.com/society/money-and-power/a70795692/kerry-kennedy-ethel-kennedy-biography-preorder/",news,
"Veronica Roth on the hate she got from Divergent [article]
""Divergent was very popular and overall well-received, but there was a lot of negativity that came with it, just because any popular work is going to carry that kind of negativity. I was young, and anxious, and soaked that in like a sponge"" from this interview",news,
"Frank Cottrell-Boyce calls for children’s reading to be treated as a ‘right’, in final laureate lecture https://www.theguardian.com/books/2026/may/14/frank-cottrell-boyce-calls-for-childrens-reading-to-be-treated-as-a-right-in-final-laureate-lecture?CMP=share_btn_url",news,
Opinion | AI fiction is fast food for the human mind https://www.washingtonpost.com/opinions/2026/05/31/ai-fiction-is-fast-food-human-mind/,news,
"Steven Heller discusses a new five-volume graphic biography series on Terry Southern https://www.printmag.com/daily-heller/the-daily-heller-on-the-biographic-of-terry-southern/
",news,
"Do you write in the margins? Do you Google while reading?
I don't write in margins although I wonder if I should. For example book club books where it might help with retention or discussion.

Usually (not always but usually) when I close a book I'm done, and I'm curious what others usually do after they've finished reading. Do you do more research on the author or topic etc.

For example, sometimes I will look up podcasts which might speak about the book especially if I really enjoyed the book, or if it was a popular book that didn't capture me and I wanted to see what others thought of it. If the book was truly divine, I will look up other titles by the same author or in the same genre.

When you write in the margins, do you usually go back after you've finished to reflect on what you've written?

How often do you tend to Google anything while you're reading a book? What would you be most likely to google while reading?",discussion,
"Books ranked based on Wikipedia popularity and cultural impact
 https://likedbook.com/",news,
"Digging Up North Korea’s Christian Roots – Book Review https://www.eurasiareview.com/08052026-digging-up-north-koreas-christian-roots-book-review/
",news,
"‘Tojo’ Review: The Man Who Led Japan to War https://www.wsj.com/arts-culture/books/tojo-review-the-man-who-led-japan-to-war-10d8c975
",news,
"AI has cut my pay as a memoir writer in half https://www.theguardian.com/books/2026/may/12/ai-has-cut-my-pay-as-a-memoir-writer-in-half
",news,
"Article: Land by Maggie O'Farrell is haunting tale set in post-famine Ireland about history, map-making and memory https://theconversation.com/land-by-maggie-ofarrell-is-haunting-tale-set-in-post-famine-ireland-about-history-map-making-and-memory-284171
",news,
Michigan man who hoped to have ‘largest book burning’ in American history again jailed for contempt https://www.mlive.com/news/saginaw-bay-city/2026/05/michigan-man-who-hoped-to-have-largest-book-burning-in-american-history-again-jailed-for-contempt.html?gift=e8eeb34a-a73e-46b0-aca9-87f5c601cbd7,news,
"The Cherokee Bible, one of the language’s first books, is a window between worldviews https://theconversation.com/the-cherokee-bible-one-of-the-languages-first-books-is-a-window-between-worldviews-271717",news,
"Weekly FAQ Thread May 31, 2026: What music do you listen to while reading?
WeeklyThread
Hello readers and welcome to our Weekly FAQ thread! Our topic this week is: What music do you listen to while reading? Please use this thread to discuss what music is best to read to or why you prefer no music at all.

You can view previous FAQ threads here in our wiki.

Thank you and enjoy!",discussion,
"Researcher turns wi-fi smart lightbulb into a Banned Book Library https://www.tomshardware.com/maker-stem/researcher-turns-wi-fi-smart-lightbulb-into-a-banned-book-library-open-source-project-makes-digital-books-available-via-a-server-and-open-wi-fi-access-point-hacked-into-an-esp32-powered-bulb
",news,
"Weekly FAQ Thread June 21, 2026: Which contemporary novels do you think deserve to become classics?
WeeklyThread
Hello readers and welcome to our Weekly FAQ thread! Our topic this week is: Which contemporary novels do you think deserve to become classics? We're all familiar with the classics, from The Iliad of Homer to F. Scott Fitzgerald's The Great Gatsby. But which contemporary novels, published after 1960, do you think will be remembered as a classic years from now?",discussion,
"Weekly FAQ Thread April 12, 2026: What are some non-English classics?
WeeklyThread
Hello readers and welcome to our Weekly FAQ thread! Our topic this week is: What are some non-English classics? Please use this thread to discuss classics originally written in other languages.",discussion,
"Weekly FAQ Thread April 05, 2026: What book made you fall in love with reading?
WeeklyThread
Hello readers and welcome to our Weekly FAQ thread! Our topic this week is: What book made you fall in love with reading? At some point in our lives we weren't readers. But, we read one book or one series that showed us the light. We want to know which book made you fall in love.",discussion,
"Weekly FAQ Thread June 14 2026: Why do you/don't you reread?
WeeklyThread
Hello readers and welcome to our Weekly FAQ thread! Our topic this week is: Why you do or don't reread books? Perhaps you discover something new every time you reread a novel. Or, you don't because rereading a book is never as good as the first time. Whatever your reasoning, please feel free to discuss it here.",discussion,
"Weekly FAQ Thread June 07, 2026: What book format do you prefer? Print vs eBooks vs Audiobooks
WeeklyThread
Hello readers and welcome to our Weekly FAQ thread! Our topic this week is: Print vs eBooks vs Audiobooks. Please use this thread to discuss which format you prefer and why it is clearly superior to all other formats!",discussion,
"Weekly FAQ Thread May 24, 2026: What do you use as a bookmark?
WeeklyThread
Hello readers and welcome to our Weekly FAQ thread! Our topic this week is: What do you use as a bookmark? Whether you created your own bookmark from scratch or you're a heretical dog-earer we want to know!",discussion,
"Weekly FAQ Thread May 17 2026: Do you keep track of the books you read?
WeeklyThread
Hello readers and welcome to our Weekly FAQ thread! Our topic this week is: Do you keep track of the books you read? Please use this thread to discuss why and how you track the books you've read.",discussion,
"Weekly FAQ Thread May 10, 2026: How many books do you read at a time?
WeeklyThread
Hello readers and welcome to our Weekly FAQ thread! Our topic this week is: How many books do you read at a time? Please use this thread to discuss whether you prefer to read one book or multiple books at once.",discussion,
"Weekly FAQ Thread April 26 2026: What is your favorite quote from a book?
WeeklyThread
Hello readers and welcome to our Weekly FAQ thread! Our topic this week is: What is your favorite quote from a book? Please post your favorites here.",discussion,
"Weekly FAQ Thread April 19, 2026: How do you get over a book hangover?
WeeklyThread
Hello readers and welcome to our Weekly FAQ thread! Our topic this week is: How do you get over a book hangover? Please use this thread to discuss whether you do after you've read a great book and don't want to start another one.",discussion,
"Weekly FAQ Thread March 29, 2026: How do I get through an uninteresting book?
WeeklyThread
Hello readers and welcome to our Weekly FAQ thread! Our topic this week is: How do I get through an uninteresting book? Sometimes we want to read something because we're ""supposed to"" and want to say that we did. Or, it's something that needs to be read for a school assignment. Either way, how do you get through books you find uninteresting?",discussion,
"Weekly FAQ Thread March 22, 2026: How do I better understand the book I'm reading?
WeeklyThread
Hello readers and welcome to our Weekly FAQ thread! Our topic this week is: How can I better understand what I'm reading? Whether it's allusions to other works or callbacks to earlier events in the novel how do you read these and interpret them?",discussion,
"Weekly FAQ Thread March 15, 2026: How do I stay focused and remember more of what I'm reading?
WeeklyThread
Hello readers and welcome to our Weekly FAQ thread! Our topic this week is: How do I stay focused and remember more of what I'm reading?

We've all experienced reading 10 pages of a book and then realizing that we haven't actually read it. Or putting a book down and forgetting what was going on. What do you do to try and counteract that?",discussion,
"Weekly FAQ Thread March 08 2026: Advice for someone who never finished a book.
WeeklyThread
Hello readers and welcome to our Weekly FAQ thread! Our topic this week is: Advice for someone who never finishes a book. At one point in our lives, most of us were not what you would consider ""readers"" and had trouble finishing books. What advice do you have for those people that are now trying to get into reading?",discussion,
"Weekly FAQ Thread March 01, 2026: Best way to choose the best version/translation of a book?
WeeklyThread
Hello readers and welcome to our Weekly FAQ thread! Our topic this week: How to find the best version/translation of a book?",discussion,
"Weekly FAQ Thread February 22, 2026: What are your quirky reading habits?
WeeklyThread
Hello readers and welcome to our Weekly FAQ thread! Our topic this week is: What are your quirky reading habits?",discussion,
"Weekly FAQ Thread February 15, 2026: How can I get into reading? How can I read more?
WeeklyThread
Hello everyone and welcome to our newest weekly thread: FAQ! Since these questions are so popular with our readership we've decided to create this new post in order to better promote these discussions. Every Sunday we will be posting a question from our FAQ. This week: ""How do I get into reading?"" and ""How can I read more?""

If you're a new reader, a returning reader, or wish to read more and you'd like advice on how please post your questions here and everyone will be happy to help.",discussion,
"Weekly FAQ Thread February 08, 2026: Movies and TV based on books
WeeklyThread
Hello readers and welcome to our Weekly FAQ thread! Our topic this week is: Movies and TV based on books? Please use this thread to discuss your favorite movie/show based on a book, which book-based movie/show completely missed the point, or which book you'd like to see turned into a movie/show.",discussion,
"Weekly FAQ Thread February 01, 2026: What book changed your life?
WeeklyThread
Hello readers and welcome to our Weekly FAQ thread! Our topic this week is: What book changed your life? We've all read a book that has affected us deeply, please share yours.",discussion,
"Favorite Speculative Fiction: December 2025
WeeklyThread
Welcome readers,

The new year is almost here and I'm sure we're all speculating on what the future may hold. To celebrate, we're discussing our favorite speculative fiction!

If you'd like to read our previous weekly discussions of fiction and nonfiction please visit the suggested reading section of our wiki.",discussion,
"Weekly FAQ Thread December 21, 2025: What music do you listen to while reading?
WeeklyThread
Hello readers and welcome to our Weekly FAQ thread! Our topic this week is: What music do you listen to while reading? Please use this thread to discuss what music is best to read to or why you prefer no music at all.",discussion,
"Favorite Books with Vikings: October 2025
WeeklyThread
Heil og sæl readers,

October 9 is Leif Erikson Day which celebrates the life of the Viking explorer who sailed to America 500 years before Columbus accidentally did the same. To celebrate, we're discussing our favorite books about the Vikings or with Viking characters.",discussion,
"Curious if you are willing to eliminate your internal voice in order to read faster?
It was recently recommended to me to eliminate my inner voice completely in order to be a faster reader. I don't really consider myself a slow reader, perhaps I am compared to some, but i found this interesting and off putting because I really like my inner voice. Subvocalization is something I have always had, maybe because I'm also an introverted loner, but I have a deep relationship with my inner voice and I hear it as I type this out. I don't want to change that or give that up so I can be faster. I'm curious how many of you have an internal voice that pronounces everything and if you consider yourself a fast reader or not? Would you be willing to try and silence that inner voice? I'm not.

Edit: I’m not personally trying to read faster. Just to answer those asking why I want to. I work with someone that brought it up because they are doing this method and suggested it to me.

Edit: thank you for all the comments. I'm shocked to learn so many do not have an internal voice while reading and I find this fascinating! It's all I've ever known. I've learned a lot from all of your comments. Thanks for taking the time to share, be insightful, kind, and engaging about something I find incredibly fascinating.",discussion,
"Fiction vs. Non-Fiction: How do you balance your reading list?
Hey everyone! I'm really curious about how you all manage and split your reading time between fiction and non-fiction.

Personally, I usually prefer to focus on one book at a time and finish it completely before moving on to the next. I find it kind of hard to juggle multiple books simultaneously because I like to fully immerse myself in the world or the topic of that specific book.

However, I do run into a bit of a challenge when I'm tackling heavy non-fiction. When a book gets too dense or information-heavy, my reading pace slows down significantly. In those moments, I like to break things up by slipping in a light, short fiction book before going back to finish the heavy non-fiction.

How about you guys? Do you tandem-read both genres at the same time depending on your mood, or do you strictly alternate like me? I’d love to hear about your reading habits and how you structure your reading time!",discussion,
"Comics and literature, two different media.
I’m writing this post mainly because I find the overall perception of comics in the context of artistic media and “books” to be quite disappointing. In no way am I trying to gatekeep (see TL;DR below), especially considering that this subreddit is not just about literature, but books in general.

Many comics are published in book format. Even webcomics tend to be, in most cases, works that could be published in that format, with exceptions being those webcomics which make use of sound, animation or other resources which would be impossible to reproduce in print.

That being said, comics are not literature, which is fundamentally verbal; they are instead their own medium, like sculpture or cinema, and it is quite unfortunate to see how often it is diminished in favor of associating these works with literature which is perceived as “nobler”.

For one thing, not everything published in book format is literature (from purely functional things such as travel guides or cookbooks to artistic works such as poster compilations, each of which includes, of course, both textual and pictorial elements, much like comics).

Comics themselves tend to feature textual elements, but also pictorial ones, and in a broader sense visual and spatial ones (page layout, sequentiality), and are ultimately their very own medium. A term such as “audiovisual novel” is not used outside of metaphorical contexts to refer to a movie, for instance.

Obviously, comics and novels share a number of narrative traits, but the effort to associate comics with literature has a lot to do with prejudices surrounding comics as a medium, as they have been historically perceived (and to an extent are still today) as “low culture”, more childish or less respectable than literature (as far as I understand, comics also tend to receive less academic attention, with their study often being relegated to literature departments). With this in mind, it is unsurprising that even people within the comics industry may be interested in pushing this association with literature (which does not carry the same negative connotations) for economic reasons. Said association is so socially widespread that some institutions have awarded literary prizes to comics, despite the latter being something else entirely (presumably because they are narratives contained in books).

There are even cases of comics with no textual elements whatsoever (such as The Arrival by Shaun Tan), which could suggest that the pictorial elements are more central to the medium than the verbal ones, although I personally would not make that generalization.

On the topic of textual elements, I think a noteworthy point to make is that silent films are not considered literature, despite the fact that they may feature intertitles (text cards containing dialogue or contextual information), which essentially serve the same purpose as speech bubbles and narration boxes in comics.

Having said that, it would be somewhat dishonest not to mention that one can indeed find some unusual cases of written texts, such as calligrams, which form visual images related to the text’s theme (e.g., “The Altar”, by George Herbert). Personally, I would tend to say that these are experiments which go beyond what is strictly literary (although this is certainly debatable), and that they remain fundamentally verbal texts, unlike comics, where elements such as panels and page composition are not secondary to written language.

TL;DR: Comics are not literary works, nor are they less valuable as an artistic medium than literature, just as painting, sculpture, and music are not inferior to it.",discussion,
Novel about ‘Disneyfication’ of nature featuring a woman whose job is taken by a humanoid robot wins the Climate Fiction Prize https://www.theguardian.com/books/2026/may/27/helen-phillips-hum-climate-fiction-prize?CMP=share_btn_url,news,
"Operation Bounce House - Matt Dinniman
4.75 - Highly Recommend

Key Features: Reflective, Strong Character Development, Frustrating in a Good Way, Discomforting in a Necessary Way, Funny

I rarely read sci-fi, so this was a surprise read for me. My husband likes sci-fi, so I got the audiobook to listen to on long drives. It was an awesome read. It starts slow. Each major portion of the book is about 10 chapters long. Don't let the slow pace put you off. The story may take its time, but it also has very few, if any, plot holes. It has an open ending, but you don't worry about character #2 who was given a five page spread at the beginning of the book and never mentioned again later. Everyone who matters is accounted for.

For a sci-fi adventure, the book is a very heavy critique on unrestricted AI development and implementation as well as the danger of greed, especially in the face of systems you don't fully understand. The story is a clear lesson on not assuming you're the smartest person in the room. It's also a clear lesson on remembering that differences make the world better, not worse.

The story also does not sugar coat the dangers of choosing to be ignorant about things in the world simply because you think they won't impact you. It doesn't say to obsess over the news or to dedicate your life to staying knowledgeable about the world, but it makes it abundantly clear that choosing to ignore the fire at your neighbor's house because you live a couple houses down the street and ""what can I do about it anyway"" is a quick way to end up with your house burned down (fire travels fast and smoldering debris can light up things they land on when they fly away due to wind; and you can break out the hose and start getting everything around you covered in water to slow the spread). This is the book's most obvious and heavy handed call-out. I like that. Too many people are ""shocked and horrified"" when dangerous policies and practices start affecting them because they ""thought it would only impact this small group."" No one is safe from policies and practices that center themselves on greed and hate.",reaction,
"How To Rule The World by Theo Baker
Just finished reading this book on a long plane flight. In 2023 when the author was a seventeen year old Stanford freshman, Baker took down Stanford University's president with his well-researched articles in The Daily, Stanford's student paper. (This isn't a spoiler, the information has been out there for a few yers.)

On the back of his reporting, Baker won the prestigious George Polk award for investigative journalism, the youngest winner in the award's history.

My one criticism is in regards to his writing on Stanford's so-called War on Fun. I think the university's rules have much to do with the SA of Chanel Miller on the Stanford campus. Miller gave a searing witness statement at the end of her attackers trial which was later published. She later disclosed her identity and gave interviews (so I am not outing this courageous woman). Baker does not put the War on Fun into that context; I think he should have.

That said, Baker gives us a glimpse into a world most of us will never see. During his freshman year, he meets people who have great influence on the world, from VCs to billionaires to Condoleeza Rice. Definitely worth a read.",reaction,
Zoom Books buys and destroys thousands of old books to train AI algorithms https://www.democrata.es/en/digital-ai/zoom-books-buys-and-destroys-thousands-of-old-books-to-train-ai-algorithms/,news,
In the 'biggest book giveaway in history' WWII soldiers received pocket-sized reads https://www.npr.org/2026/05/25/nx-s1-5823711/soldiers-books-world-war-ii,news,